[0629/172048.550:ERROR:components\viz\service\display\display.cc:272] Frame latency is negative: -0.207 ms
[0702/102337.839:ERROR:components\viz\service\display\display.cc:272] Frame latency is negative: -0.007 ms
[0702/225819.237:ERROR:components\viz\service\display\display.cc:272] Frame latency is negative: -0.007 ms
[0705/074846.183:ERROR:gpu\ipc\client\command_buffer_proxy_impl.cc:285] ContextResult::kTransientFailure: Failed to send GpuControl.CreateCommandBuffer.
[0705/081917.949:WARNING:net\extras\sqlite\sqlite_persistent_store_backend_base.cc:179] Failed to post task from operator()@net\extras\sqlite\sqlite_persistent_shared_dictionary_store.cc:259 to client_task_runner_.
[0811/222129.866:ERROR:gpu\command_buffer\service\shared_image\shared_image_manager.cc:386] SharedImageManager::ProduceMemory: Trying to Produce a Memory representation from a non-existent mailbox.
[0812/114208.448:ERROR:gpu\command_buffer\service\shared_image\shared_image_manager.cc:386] SharedImageManager::ProduceMemory: Trying to Produce a Memory representation from a non-existent mailbox.
[0812/114208.449:ERROR:gpu\command_buffer\service\shared_image\shared_image_manager.cc:386] SharedImageManager::ProduceMemory: Trying to Produce a Memory representation from a non-existent mailbox.
[0812/114208.449:ERROR:gpu\command_buffer\service\shared_image\shared_image_manager.cc:386] SharedImageManager::ProduceMemory: Trying to Produce a Memory representation from a non-existent mailbox.
[0812/114208.449:ERROR:gpu\command_buffer\service\shared_image\shared_image_manager.cc:386] SharedImageManager::ProduceMemory: Trying to Produce a Memory representation from a non-existent mailbox.
[0812/114208.449:ERROR:gpu\command_buffer\service\shared_image\shared_image_manager.cc:386] SharedImageManager::ProduceMemory: Trying to Produce a Memory representation from a non-existent mailbox.
[0812/232616.235:ERROR:gpu\command_buffer\service\shared_image\shared_image_manager.cc:386] SharedImageManager::ProduceMemory: Trying to Produce a Memory representation from a non-existent mailbox.
[0812/232616.235:ERROR:gpu\command_buffer\service\shared_image\shared_image_manager.cc:386] SharedImageManager::ProduceMemory: Trying to Produce a Memory representation from a non-existent mailbox.
[0812/235039.672:ERROR:gpu\command_buffer\service\shared_image\shared_image_manager.cc:386] SharedImageManager::ProduceMemory: Trying to Produce a Memory representation from a non-existent mailbox.
[0812/235039.673:ERROR:gpu\command_buffer\service\shared_image\shared_image_manager.cc:386] SharedImageManager::ProduceMemory: Trying to Produce a Memory representation from a non-existent mailbox.
[0812/235039.673:ERROR:gpu\command_buffer\service\shared_image\shared_image_manager.cc:386] SharedImageManager::ProduceMemory: Trying to Produce a Memory representation from a non-existent mailbox.
[0813/081718.612:ERROR:gpu\command_buffer\service\shared_image\shared_image_manager.cc:386] SharedImageManager::ProduceMemory: Trying to Produce a Memory representation from a non-existent mailbox.
[0813/112428.533:ERROR:gpu\command_buffer\service\shared_image\shared_image_manager.cc:386] SharedImageManager::ProduceMemory: Trying to Produce a Memory representation from a non-existent mailbox.
[0813/120958.945:ERROR:gpu\command_buffer\service\shared_image\shared_image_manager.cc:386] SharedImageManager::ProduceMemory: Trying to Produce a Memory representation from a non-existent mailbox.
[0813/120958.945:ERROR:gpu\command_buffer\service\shared_image\shared_image_manager.cc:386] SharedImageManager::ProduceMemory: Trying to Produce a Memory representation from a non-existent mailbox.
[0813/120958.945:ERROR:gpu\command_buffer\service\shared_image\shared_image_manager.cc:386] SharedImageManager::ProduceMemory: Trying to Produce a Memory representation from a non-existent mailbox.
[0813/120958.945:ERROR:gpu\command_buffer\service\shared_image\shared_image_manager.cc:386] SharedImageManager::ProduceMemory: Trying to Produce a Memory representation from a non-existent mailbox.
[0813/121932.919:ERROR:gpu\command_buffer\service\shared_image\shared_image_manager.cc:386] SharedImageManager::ProduceMemory: Trying to Produce a Memory representation from a non-existent mailbox.
[0813/121932.919:ERROR:gpu\command_buffer\service\shared_image\shared_image_manager.cc:386] SharedImageManager::ProduceMemory: Trying to Produce a Memory representation from a non-existent mailbox.
[0813/121932.919:ERROR:gpu\command_buffer\service\shared_image\shared_image_manager.cc:386] SharedImageManager::ProduceMemory: Trying to Produce a Memory representation from a non-existent mailbox.
[0813/122849.802:ERROR:gpu\command_buffer\service\shared_image\shared_image_manager.cc:386] SharedImageManager::ProduceMemory: Trying to Produce a Memory representation from a non-existent mailbox.
[0813/123555.501:ERROR:gpu\command_buffer\service\shared_image\shared_image_manager.cc:386] SharedImageManager::ProduceMemory: Trying to Produce a Memory representation from a non-existent mailbox.
[0813/123555.501:ERROR:gpu\command_buffer\service\shared_image\shared_image_manager.cc:386] SharedImageManager::ProduceMemory: Trying to Produce a Memory representation from a non-existent mailbox.
[0813/123555.501:ERROR:gpu\command_buffer\service\shared_image\shared_image_manager.cc:386] SharedImageManager::ProduceMemory: Trying to Produce a Memory representation from a non-existent mailbox.
[0813/123622.376:ERROR:gpu\command_buffer\service\shared_image\shared_image_manager.cc:386] SharedImageManager::ProduceMemory: Trying to Produce a Memory representation from a non-existent mailbox.
[0813/123622.376:ERROR:gpu\command_buffer\service\shared_image\shared_image_manager.cc:386] SharedImageManager::ProduceMemory: Trying to Produce a Memory representation from a non-existent mailbox.
[0813/123622.376:ERROR:gpu\command_buffer\service\shared_image\shared_image_manager.cc:386] SharedImageManager::ProduceMemory: Trying to Produce a Memory representation from a non-existent mailbox.
[0813/123622.376:ERROR:gpu\command_buffer\service\shared_image\shared_image_manager.cc:386] SharedImageManager::ProduceMemory: Trying to Produce a Memory representation from a non-existent mailbox.
[0813/123622.376:ERROR:gpu\command_buffer\service\shared_image\shared_image_manager.cc:386] SharedImageManager::ProduceMemory: Trying to Produce a Memory representation from a non-existent mailbox.
[0813/123622.376:ERROR:gpu\command_buffer\service\shared_image\shared_image_manager.cc:386] SharedImageManager::ProduceMemory: Trying to Produce a Memory representation from a non-existent mailbox.
[0813/123622.377:ERROR:gpu\command_buffer\service\shared_image\shared_image_manager.cc:386] SharedImageManager::ProduceMemory: Trying to Produce a Memory representation from a non-existent mailbox.
[0813/123622.378:ERROR:gpu\command_buffer\service\shared_image\shared_image_manager.cc:386] SharedImageManager::ProduceMemory: Trying to Produce a Memory representation from a non-existent mailbox.
[0813/123622.378:ERROR:gpu\command_buffer\service\shared_image\shared_image_manager.cc:386] SharedImageManager::ProduceMemory: Trying to Produce a Memory representation from a non-existent mailbox.
[0813/123622.378:ERROR:gpu\command_buffer\service\shared_image\shared_image_manager.cc:386] SharedImageManager::ProduceMemory: Trying to Produce a Memory representation from a non-existent mailbox.
[0813/123622.378:ERROR:gpu\command_buffer\service\shared_image\shared_image_manager.cc:386] SharedImageManager::ProduceMemory: Trying to Produce a Memory representation from a non-existent mailbox.
[0813/123622.378:ERROR:gpu\command_buffer\service\shared_image\shared_image_manager.cc:386] SharedImageManager::ProduceMemory: Trying to Produce a Memory representation from a non-existent mailbox.
[0813/123622.378:ERROR:gpu\command_buffer\service\shared_image\shared_image_manager.cc:386] SharedImageManager::ProduceMemory: Trying to Produce a Memory representation from a non-existent mailbox.
[0813/123622.378:ERROR:gpu\command_buffer\service\shared_image\shared_image_manager.cc:386] SharedImageManager::ProduceMemory: Trying to Produce a Memory representation from a non-existent mailbox.
[0813/123622.378:ERROR:gpu\command_buffer\service\shared_image\shared_image_manager.cc:386] SharedImageManager::ProduceMemory: Trying to Produce a Memory representation from a non-existent mailbox.
[0813/123622.378:ERROR:gpu\command_buffer\service\shared_image\shared_image_manager.cc:386] SharedImageManager::ProduceMemory: Trying to Produce a Memory representation from a non-existent mailbox.
[0813/123622.378:ERROR:gpu\command_buffer\service\shared_image\shared_image_manager.cc:386] SharedImageManager::ProduceMemory: Trying to Produce a Memory representation from a non-existent mailbox.
[0813/123622.378:ERROR:gpu\command_buffer\service\shared_image\shared_image_manager.cc:386] SharedImageManager::ProduceMemory: Trying to Produce a Memory representation from a non-existent mailbox.
[0813/123622.378:ERROR:gpu\command_buffer\service\shared_image\shared_image_manager.cc:386] SharedImageManager::ProduceMemory: Trying to Produce a Memory representation from a non-existent mailbox.
[0813/123622.378:ERROR:gpu\command_buffer\service\shared_image\shared_image_manager.cc:386] SharedImageManager::ProduceMemory: Trying to Produce a Memory representation from a non-existent mailbox.
[0813/123622.378:ERROR:gpu\command_buffer\service\shared_image\shared_image_manager.cc:386] SharedImageManager::ProduceMemory: Trying to Produce a Memory representation from a non-existent mailbox.
[0813/123622.378:ERROR:gpu\command_buffer\service\shared_image\shared_image_manager.cc:386] SharedImageManager::ProduceMemory: Trying to Produce a Memory representation from a non-existent mailbox.
[0813/123622.378:ERROR:gpu\command_buffer\service\shared_image\shared_image_manager.cc:386] SharedImageManager::ProduceMemory: Trying to Produce a Memory representation from a non-existent mailbox.
[0813/123622.378:ERROR:gpu\command_buffer\service\shared_image\shared_image_manager.cc:386] SharedImageManager::ProduceMemory: Trying to Produce a Memory representation from a non-existent mailbox.
[0813/123622.378:ERROR:gpu\command_buffer\service\shared_image\shared_image_manager.cc:386] SharedImageManager::ProduceMemory: Trying to Produce a Memory representation from a non-existent mailbox.
[0813/123622.378:ERROR:gpu\command_buffer\service\shared_image\shared_image_manager.cc:386] SharedImageManager::ProduceMemory: Trying to Produce a Memory representation from a non-existent mailbox.
[0813/124258.563:ERROR:gpu\command_buffer\service\shared_image\shared_image_manager.cc:386] SharedImageManager::ProduceMemory: Trying to Produce a Memory representation from a non-existent mailbox.
[0813/124651.069:ERROR:gpu\command_buffer\service\shared_image\shared_image_manager.cc:386] SharedImageManager::ProduceMemory: Trying to Produce a Memory representation from a non-existent mailbox.
[0813/124651.070:ERROR:gpu\command_buffer\service\shared_image\shared_image_manager.cc:386] SharedImageManager::ProduceMemory: Trying to Produce a Memory representation from a non-existent mailbox.
[0813/124738.750:ERROR:gpu\command_buffer\service\shared_image\shared_image_manager.cc:386] SharedImageManager::ProduceMemory: Trying to Produce a Memory representation from a non-existent mailbox.
[0813/125536.398:ERROR:gpu\command_buffer\service\shared_image\shared_image_manager.cc:386] SharedImageManager::ProduceMemory: Trying to Produce a Memory representation from a non-existent mailbox.
[0813/125555.456:ERROR:gpu\command_buffer\service\shared_image\shared_image_manager.cc:386] SharedImageManager::ProduceMemory: Trying to Produce a Memory representation from a non-existent mailbox.
[0813/125555.456:ERROR:gpu\command_buffer\service\shared_image\shared_image_manager.cc:386] SharedImageManager::ProduceMemory: Trying to Produce a Memory representation from a non-existent mailbox.
[0813/125555.456:ERROR:gpu\command_buffer\service\shared_image\shared_image_manager.cc:386] SharedImageManager::ProduceMemory: Trying to Produce a Memory representation from a non-existent mailbox.
[0813/125555.456:ERROR:gpu\command_buffer\service\shared_image\shared_image_manager.cc:386] SharedImageManager::ProduceMemory: Trying to Produce a Memory representation from a non-existent mailbox.
[0813/125555.456:ERROR:gpu\command_buffer\service\shared_image\shared_image_manager.cc:386] SharedImageManager::ProduceMemory: Trying to Produce a Memory representation from a non-existent mailbox.
[0813/125555.456:ERROR:gpu\command_buffer\service\shared_image\shared_image_manager.cc:386] SharedImageManager::ProduceMemory: Trying to Produce a Memory representation from a non-existent mailbox.
[0813/125555.456:ERROR:gpu\command_buffer\service\shared_image\shared_image_manager.cc:386] SharedImageManager::ProduceMemory: Trying to Produce a Memory representation from a non-existent mailbox.
[0813/125555.456:ERROR:gpu\command_buffer\service\shared_image\shared_image_manager.cc:386] SharedImageManager::ProduceMemory: Trying to Produce a Memory representation from a non-existent mailbox.
[0813/125555.456:ERROR:gpu\command_buffer\service\shared_image\shared_image_manager.cc:386] SharedImageManager::ProduceMemory: Trying to Produce a Memory representation from a non-existent mailbox.
[0813/125555.456:ERROR:gpu\command_buffer\service\shared_image\shared_image_manager.cc:386] SharedImageManager::ProduceMemory: Trying to Produce a Memory representation from a non-existent mailbox.
[0813/125555.456:ERROR:gpu\command_buffer\service\shared_image\shared_image_manager.cc:386] SharedImageManager::ProduceMemory: Trying to Produce a Memory representation from a non-existent mailbox.
[0813/125555.456:ERROR:gpu\command_buffer\service\shared_image\shared_image_manager.cc:386] SharedImageManager::ProduceMemory: Trying to Produce a Memory representation from a non-existent mailbox.
[0813/125555.456:ERROR:gpu\command_buffer\service\shared_image\shared_image_manager.cc:386] SharedImageManager::ProduceMemory: Trying to Produce a Memory representation from a non-existent mailbox.
[0813/125555.456:ERROR:gpu\command_buffer\service\shared_image\shared_image_manager.cc:386] SharedImageManager::ProduceMemory: Trying to Produce a Memory representation from a non-existent mailbox.
[0813/125621.121:ERROR:gpu\command_buffer\service\shared_image\shared_image_manager.cc:386] SharedImageManager::ProduceMemory: Trying to Produce a Memory representation from a non-existent mailbox.
[0813/125621.121:ERROR:gpu\command_buffer\service\shared_image\shared_image_manager.cc:386] SharedImageManager::ProduceMemory: Trying to Produce a Memory representation from a non-existent mailbox.
[0813/125621.121:ERROR:gpu\command_buffer\service\shared_image\shared_image_manager.cc:386] SharedImageManager::ProduceMemory: Trying to Produce a Memory representation from a non-existent mailbox.
[0813/125621.122:ERROR:gpu\command_buffer\service\shared_image\shared_image_manager.cc:386] SharedImageManager::ProduceMemory: Trying to Produce a Memory representation from a non-existent mailbox.
[0813/125625.729:ERROR:gpu\command_buffer\service\shared_image\shared_image_manager.cc:386] SharedImageManager::ProduceMemory: Trying to Produce a Memory representation from a non-existent mailbox.
[0813/125654.048:ERROR:gpu\command_buffer\service\shared_image\shared_image_manager.cc:386] SharedImageManager::ProduceMemory: Trying to Produce a Memory representation from a non-existent mailbox.
[0813/125833.922:ERROR:gpu\command_buffer\service\shared_image\shared_image_manager.cc:386] SharedImageManager::ProduceMemory: Trying to Produce a Memory representation from a non-existent mailbox.
[0813/125833.923:ERROR:gpu\command_buffer\service\shared_image\shared_image_manager.cc:386] SharedImageManager::ProduceMemory: Trying to Produce a Memory representation from a non-existent mailbox.
[0813/125833.923:ERROR:gpu\command_buffer\service\shared_image\shared_image_manager.cc:386] SharedImageManager::ProduceMemory: Trying to Produce a Memory representation from a non-existent mailbox.
[0813/125833.923:ERROR:gpu\command_buffer\service\shared_image\shared_image_manager.cc:386] SharedImageManager::ProduceMemory: Trying to Produce a Memory representation from a non-existent mailbox.
[0813/125833.923:ERROR:gpu\command_buffer\service\shared_image\shared_image_manager.cc:386] SharedImageManager::ProduceMemory: Trying to Produce a Memory representation from a non-existent mailbox.
[0813/125833.923:ERROR:gpu\command_buffer\service\shared_image\shared_image_manager.cc:386] SharedImageManager::ProduceMemory: Trying to Produce a Memory representation from a non-existent mailbox.
[0813/125833.923:ERROR:gpu\command_buffer\service\shared_image\shared_image_manager.cc:386] SharedImageManager::ProduceMemory: Trying to Produce a Memory representation from a non-existent mailbox.
[0813/125833.923:ERROR:gpu\command_buffer\service\shared_image\shared_image_manager.cc:386] SharedImageManager::ProduceMemory: Trying to Produce a Memory representation from a non-existent mailbox.
[0813/125833.923:ERROR:gpu\command_buffer\service\shared_image\shared_image_manager.cc:386] SharedImageManager::ProduceMemory: Trying to Produce a Memory representation from a non-existent mailbox.
[0813/125833.923:ERROR:gpu\command_buffer\service\shared_image\shared_image_manager.cc:386] SharedImageManager::ProduceMemory: Trying to Produce a Memory representation from a non-existent mailbox.
[0813/125833.923:ERROR:gpu\command_buffer\service\shared_image\shared_image_manager.cc:386] SharedImageManager::ProduceMemory: Trying to Produce a Memory representation from a non-existent mailbox.
[0813/125833.923:ERROR:gpu\command_buffer\service\shared_image\shared_image_manager.cc:386] SharedImageManager::ProduceMemory: Trying to Produce a Memory representation from a non-existent mailbox.
[0813/125833.923:ERROR:gpu\command_buffer\service\shared_image\shared_image_manager.cc:386] SharedImageManager::ProduceMemory: Trying to Produce a Memory representation from a non-existent mailbox.
[0813/125833.923:ERROR:gpu\command_buffer\service\shared_image\shared_image_manager.cc:386] SharedImageManager::ProduceMemory: Trying to Produce a Memory representation from a non-existent mailbox.
[0813/125835.284:ERROR:gpu\command_buffer\service\shared_image\shared_image_manager.cc:386] SharedImageManager::ProduceMemory: Trying to Produce a Memory representation from a non-existent mailbox.
[0813/144305.824:ERROR:gpu\command_buffer\service\shared_image\shared_image_manager.cc:386] SharedImageManager::ProduceMemory: Trying to Produce a Memory representation from a non-existent mailbox.
[0813/144630.098:ERROR:gpu\command_buffer\service\shared_image\shared_image_manager.cc:386] SharedImageManager::ProduceMemory: Trying to Produce a Memory representation from a non-existent mailbox.
[0813/144636.181:ERROR:gpu\command_buffer\service\shared_image\shared_image_manager.cc:386] SharedImageManager::ProduceMemory: Trying to Produce a Memory representation from a non-existent mailbox.
[0813/150223.760:ERROR:gpu\command_buffer\service\shared_image\shared_image_manager.cc:386] SharedImageManager::ProduceMemory: Trying to Produce a Memory representation from a non-existent mailbox.
[0813/150450.452:ERROR:gpu\command_buffer\service\shared_image\shared_image_manager.cc:386] SharedImageManager::ProduceMemory: Trying to Produce a Memory representation from a non-existent mailbox.
[0813/150450.452:ERROR:gpu\command_buffer\service\shared_image\shared_image_manager.cc:386] SharedImageManager::ProduceMemory: Trying to Produce a Memory representation from a non-existent mailbox.
[0813/150757.549:ERROR:gpu\command_buffer\service\shared_image\shared_image_manager.cc:386] SharedImageManager::ProduceMemory: Trying to Produce a Memory representation from a non-existent mailbox.
[0813/150957.091:ERROR:gpu\command_buffer\service\shared_image\shared_image_manager.cc:386] SharedImageManager::ProduceMemory: Trying to Produce a Memory representation from a non-existent mailbox.
[0813/150958.426:ERROR:gpu\command_buffer\service\shared_image\shared_image_manager.cc:386] SharedImageManager::ProduceMemory: Trying to Produce a Memory representation from a non-existent mailbox.
[0813/151059.245:ERROR:gpu\command_buffer\service\shared_image\shared_image_manager.cc:386] SharedImageManager::ProduceMemory: Trying to Produce a Memory representation from a non-existent mailbox.
[0813/151059.246:ERROR:gpu\command_buffer\service\shared_image\shared_image_manager.cc:386] SharedImageManager::ProduceMemory: Trying to Produce a Memory representation from a non-existent mailbox.
[0813/151059.246:ERROR:gpu\command_buffer\service\shared_image\shared_image_manager.cc:386] SharedImageManager::ProduceMemory: Trying to Produce a Memory representation from a non-existent mailbox.
[0813/151059.246:ERROR:gpu\command_buffer\service\shared_image\shared_image_manager.cc:386] SharedImageManager::ProduceMemory: Trying to Produce a Memory representation from a non-existent mailbox.
[0813/151059.246:ERROR:gpu\command_buffer\service\shared_image\shared_image_manager.cc:386] SharedImageManager::ProduceMemory: Trying to Produce a Memory representation from a non-existent mailbox.
[0813/151059.246:ERROR:gpu\command_buffer\service\shared_image\shared_image_manager.cc:386] SharedImageManager::ProduceMemory: Trying to Produce a Memory representation from a non-existent mailbox.
[0813/151059.246:ERROR:gpu\command_buffer\service\shared_image\shared_image_manager.cc:386] SharedImageManager::ProduceMemory: Trying to Produce a Memory representation from a non-existent mailbox.
[0813/151059.246:ERROR:gpu\command_buffer\service\shared_image\shared_image_manager.cc:386] SharedImageManager::ProduceMemory: Trying to Produce a Memory representation from a non-existent mailbox.
[0813/151059.246:ERROR:gpu\command_buffer\service\shared_image\shared_image_manager.cc:386] SharedImageManager::ProduceMemory: Trying to Produce a Memory representation from a non-existent mailbox.
[0813/151059.246:ERROR:gpu\command_buffer\service\shared_image\shared_image_manager.cc:386] SharedImageManager::ProduceMemory: Trying to Produce a Memory representation from a non-existent mailbox.
[0813/151059.246:ERROR:gpu\command_buffer\service\shared_image\shared_image_manager.cc:386] SharedImageManager::ProduceMemory: Trying to Produce a Memory representation from a non-existent mailbox.
[0813/151059.246:ERROR:gpu\command_buffer\service\shared_image\shared_image_manager.cc:386] SharedImageManager::ProduceMemory: Trying to Produce a Memory representation from a non-existent mailbox.
[0813/151059.246:ERROR:gpu\command_buffer\service\shared_image\shared_image_manager.cc:386] SharedImageManager::ProduceMemory: Trying to Produce a Memory representation from a non-existent mailbox.
[0813/151059.246:ERROR:gpu\command_buffer\service\shared_image\shared_image_manager.cc:386] SharedImageManager::ProduceMemory: Trying to Produce a Memory representation from a non-existent mailbox.
[0813/151110.907:ERROR:gpu\command_buffer\service\shared_image\shared_image_manager.cc:386] SharedImageManager::ProduceMemory: Trying to Produce a Memory representation from a non-existent mailbox.
[0813/152348.210:ERROR:gpu\command_buffer\service\shared_image\shared_image_manager.cc:386] SharedImageManager::ProduceMemory: Trying to Produce a Memory representation from a non-existent mailbox.
[0813/153237.720:ERROR:gpu\command_buffer\service\shared_image\shared_image_manager.cc:386] SharedImageManager::ProduceMemory: Trying to Produce a Memory representation from a non-existent mailbox.
[0813/153237.720:ERROR:gpu\command_buffer\service\shared_image\shared_image_manager.cc:386] SharedImageManager::ProduceMemory: Trying to Produce a Memory representation from a non-existent mailbox.
[0813/153403.728:ERROR:gpu\command_buffer\service\shared_image\shared_image_manager.cc:386] SharedImageManager::ProduceMemory: Trying to Produce a Memory representation from a non-existent mailbox.
[0813/153403.728:ERROR:gpu\command_buffer\service\shared_image\shared_image_manager.cc:386] SharedImageManager::ProduceMemory: Trying to Produce a Memory representation from a non-existent mailbox.
[0813/153403.728:ERROR:gpu\command_buffer\service\shared_image\shared_image_manager.cc:386] SharedImageManager::ProduceMemory: Trying to Produce a Memory representation from a non-existent mailbox.
[0813/153403.728:ERROR:gpu\command_buffer\service\shared_image\shared_image_manager.cc:386] SharedImageManager::ProduceMemory: Trying to Produce a Memory representation from a non-existent mailbox.
[0813/153403.728:ERROR:gpu\command_buffer\service\shared_image\shared_image_manager.cc:386] SharedImageManager::ProduceMemory: Trying to Produce a Memory representation from a non-existent mailbox.
[0813/153403.728:ERROR:gpu\command_buffer\service\shared_image\shared_image_manager.cc:386] SharedImageManager::ProduceMemory: Trying to Produce a Memory representation from a non-existent mailbox.
[0813/153403.728:ERROR:gpu\command_buffer\service\shared_image\shared_image_manager.cc:386] SharedImageManager::ProduceMemory: Trying to Produce a Memory representation from a non-existent mailbox.
[0813/153403.728:ERROR:gpu\command_buffer\service\shared_image\shared_image_manager.cc:386] SharedImageManager::ProduceMemory: Trying to Produce a Memory representation from a non-existent mailbox.
[0813/153403.728:ERROR:gpu\command_buffer\service\shared_image\shared_image_manager.cc:386] SharedImageManager::ProduceMemory: Trying to Produce a Memory representation from a non-existent mailbox.
[0813/153403.728:ERROR:gpu\command_buffer\service\shared_image\shared_image_manager.cc:386] SharedImageManager::ProduceMemory: Trying to Produce a Memory representation from a non-existent mailbox.
[0813/153403.728:ERROR:gpu\command_buffer\service\shared_image\shared_image_manager.cc:386] SharedImageManager::ProduceMemory: Trying to Produce a Memory representation from a non-existent mailbox.
[0813/153403.728:ERROR:gpu\command_buffer\service\shared_image\shared_image_manager.cc:386] SharedImageManager::ProduceMemory: Trying to Produce a Memory representation from a non-existent mailbox.
[0813/153440.974:ERROR:gpu\command_buffer\service\shared_image\shared_image_manager.cc:386] SharedImageManager::ProduceMemory: Trying to Produce a Memory representation from a non-existent mailbox.
[0813/153440.974:ERROR:gpu\command_buffer\service\shared_image\shared_image_manager.cc:386] SharedImageManager::ProduceMemory: Trying to Produce a Memory representation from a non-existent mailbox.
[0813/153440.974:ERROR:gpu\command_buffer\service\shared_image\shared_image_manager.cc:386] SharedImageManager::ProduceMemory: Trying to Produce a Memory representation from a non-existent mailbox.
[0813/153440.974:ERROR:gpu\command_buffer\service\shared_image\shared_image_manager.cc:386] SharedImageManager::ProduceMemory: Trying to Produce a Memory representation from a non-existent mailbox.
[0813/153440.974:ERROR:gpu\command_buffer\service\shared_image\shared_image_manager.cc:386] SharedImageManager::ProduceMemory: Trying to Produce a Memory representation from a non-existent mailbox.
[0813/153440.974:ERROR:gpu\command_buffer\service\shared_image\shared_image_manager.cc:386] SharedImageManager::ProduceMemory: Trying to Produce a Memory representation from a non-existent mailbox.
[0813/153440.974:ERROR:gpu\command_buffer\service\shared_image\shared_image_manager.cc:386] SharedImageManager::ProduceMemory: Trying to Produce a Memory representation from a non-existent mailbox.
[0813/153440.974:ERROR:gpu\command_buffer\service\shared_image\shared_image_manager.cc:386] SharedImageManager::ProduceMemory: Trying to Produce a Memory representation from a non-existent mailbox.
[0813/153445.783:ERROR:gpu\command_buffer\service\shared_image\shared_image_manager.cc:386] SharedImageManager::ProduceMemory: Trying to Produce a Memory representation from a non-existent mailbox.
[0813/153510.077:ERROR:gpu\command_buffer\service\shared_image\shared_image_manager.cc:386] SharedImageManager::ProduceMemory: Trying to Produce a Memory representation from a non-existent mailbox.
[0813/153510.077:ERROR:gpu\command_buffer\service\shared_image\shared_image_manager.cc:386] SharedImageManager::ProduceMemory: Trying to Produce a Memory representation from a non-existent mailbox.
[0813/154049.060:ERROR:gpu\command_buffer\service\shared_image\shared_image_manager.cc:386] SharedImageManager::ProduceMemory: Trying to Produce a Memory representation from a non-existent mailbox.
[0813/154049.061:ERROR:gpu\command_buffer\service\shared_image\shared_image_manager.cc:386] SharedImageManager::ProduceMemory: Trying to Produce a Memory representation from a non-existent mailbox.
[0813/154049.061:ERROR:gpu\command_buffer\service\shared_image\shared_image_manager.cc:386] SharedImageManager::ProduceMemory: Trying to Produce a Memory representation from a non-existent mailbox.
[0813/154514.974:ERROR:gpu\command_buffer\service\shared_image\shared_image_manager.cc:386] SharedImageManager::ProduceMemory: Trying to Produce a Memory representation from a non-existent mailbox.
[0813/154514.975:ERROR:gpu\command_buffer\service\shared_image\shared_image_manager.cc:386] SharedImageManager::ProduceMemory: Trying to Produce a Memory representation from a non-existent mailbox.
[0813/154528.940:ERROR:gpu\command_buffer\service\shared_image\shared_image_manager.cc:386] SharedImageManager::ProduceMemory: Trying to Produce a Memory representation from a non-existent mailbox.
[0813/154603.855:ERROR:gpu\command_buffer\service\shared_image\shared_image_manager.cc:386] SharedImageManager::ProduceMemory: Trying to Produce a Memory representation from a non-existent mailbox.
[0813/154646.042:ERROR:gpu\command_buffer\service\shared_image\shared_image_manager.cc:386] SharedImageManager::ProduceMemory: Trying to Produce a Memory representation from a non-existent mailbox.
[0813/154646.042:ERROR:gpu\command_buffer\service\shared_image\shared_image_manager.cc:386] SharedImageManager::ProduceMemory: Trying to Produce a Memory representation from a non-existent mailbox.
[0813/154646.042:ERROR:gpu\command_buffer\service\shared_image\shared_image_manager.cc:386] SharedImageManager::ProduceMemory: Trying to Produce a Memory representation from a non-existent mailbox.
[0813/154646.042:ERROR:gpu\command_buffer\service\shared_image\shared_image_manager.cc:386] SharedImageManager::ProduceMemory: Trying to Produce a Memory representation from a non-existent mailbox.
[0813/154646.042:ERROR:gpu\command_buffer\service\shared_image\shared_image_manager.cc:386] SharedImageManager::ProduceMemory: Trying to Produce a Memory representation from a non-existent mailbox.
[0813/154646.042:ERROR:gpu\command_buffer\service\shared_image\shared_image_manager.cc:386] SharedImageManager::ProduceMemory: Trying to Produce a Memory representation from a non-existent mailbox.
[0813/154646.042:ERROR:gpu\command_buffer\service\shared_image\shared_image_manager.cc:386] SharedImageManager::ProduceMemory: Trying to Produce a Memory representation from a non-existent mailbox.
[0813/154646.042:ERROR:gpu\command_buffer\service\shared_image\shared_image_manager.cc:386] SharedImageManager::ProduceMemory: Trying to Produce a Memory representation from a non-existent mailbox.
[0813/154646.042:ERROR:gpu\command_buffer\service\shared_image\shared_image_manager.cc:386] SharedImageManager::ProduceMemory: Trying to Produce a Memory representation from a non-existent mailbox.
[0813/154646.042:ERROR:gpu\command_buffer\service\shared_image\shared_image_manager.cc:386] SharedImageManager::ProduceMemory: Trying to Produce a Memory representation from a non-existent mailbox.
[0813/154720.785:ERROR:gpu\command_buffer\service\shared_image\shared_image_manager.cc:386] SharedImageManager::ProduceMemory: Trying to Produce a Memory representation from a non-existent mailbox.
[0813/154739.982:ERROR:gpu\command_buffer\service\shared_image\shared_image_manager.cc:386] SharedImageManager::ProduceMemory: Trying to Produce a Memory representation from a non-existent mailbox.
[0813/154739.983:ERROR:gpu\command_buffer\service\shared_image\shared_image_manager.cc:386] SharedImageManager::ProduceMemory: Trying to Produce a Memory representation from a non-existent mailbox.
[0813/154739.983:ERROR:gpu\command_buffer\service\shared_image\shared_image_manager.cc:386] SharedImageManager::ProduceMemory: Trying to Produce a Memory representation from a non-existent mailbox.
[0813/154739.983:ERROR:gpu\command_buffer\service\shared_image\shared_image_manager.cc:386] SharedImageManager::ProduceMemory: Trying to Produce a Memory representation from a non-existent mailbox.
[0813/154739.983:ERROR:gpu\command_buffer\service\shared_image\shared_image_manager.cc:386] SharedImageManager::ProduceMemory: Trying to Produce a Memory representation from a non-existent mailbox.
[0813/154752.884:ERROR:gpu\command_buffer\service\shared_image\shared_image_manager.cc:386] SharedImageManager::ProduceMemory: Trying to Produce a Memory representation from a non-existent mailbox.
[0813/154752.885:ERROR:gpu\command_buffer\service\shared_image\shared_image_manager.cc:386] SharedImageManager::ProduceMemory: Trying to Produce a Memory representation from a non-existent mailbox.
[0813/154752.885:ERROR:gpu\command_buffer\service\shared_image\shared_image_manager.cc:386] SharedImageManager::ProduceMemory: Trying to Produce a Memory representation from a non-existent mailbox.
[0813/154752.885:ERROR:gpu\command_buffer\service\shared_image\shared_image_manager.cc:386] SharedImageManager::ProduceMemory: Trying to Produce a Memory representation from a non-existent mailbox.
[0813/154752.885:ERROR:gpu\command_buffer\service\shared_image\shared_image_manager.cc:386] SharedImageManager::ProduceMemory: Trying to Produce a Memory representation from a non-existent mailbox.
[0813/154752.885:ERROR:gpu\command_buffer\service\shared_image\shared_image_manager.cc:386] SharedImageManager::ProduceMemory: Trying to Produce a Memory representation from a non-existent mailbox.
[0813/154939.097:ERROR:gpu\command_buffer\service\shared_image\shared_image_manager.cc:386] SharedImageManager::ProduceMemory: Trying to Produce a Memory representation from a non-existent mailbox.
[0813/162840.089:ERROR:gpu\command_buffer\service\shared_image\shared_image_manager.cc:386] SharedImageManager::ProduceMemory: Trying to Produce a Memory representation from a non-existent mailbox.
[0813/162841.270:ERROR:gpu\command_buffer\service\shared_image\shared_image_manager.cc:386] SharedImageManager::ProduceMemory: Trying to Produce a Memory representation from a non-existent mailbox.
[0813/162853.733:ERROR:gpu\command_buffer\service\shared_image\shared_image_manager.cc:386] SharedImageManager::ProduceMemory: Trying to Produce a Memory representation from a non-existent mailbox.
[0813/162853.734:ERROR:gpu\command_buffer\service\shared_image\shared_image_manager.cc:386] SharedImageManager::ProduceMemory: Trying to Produce a Memory representation from a non-existent mailbox.
[0813/162853.734:ERROR:gpu\command_buffer\service\shared_image\shared_image_manager.cc:386] SharedImageManager::ProduceMemory: Trying to Produce a Memory representation from a non-existent mailbox.
[0813/163157.185:ERROR:gpu\command_buffer\service\shared_image\shared_image_manager.cc:386] SharedImageManager::ProduceMemory: Trying to Produce a Memory representation from a non-existent mailbox.
[0813/163157.186:ERROR:gpu\command_buffer\service\shared_image\shared_image_manager.cc:386] SharedImageManager::ProduceMemory: Trying to Produce a Memory representation from a non-existent mailbox.
[0813/163159.669:ERROR:gpu\command_buffer\service\shared_image\shared_image_manager.cc:386] SharedImageManager::ProduceMemory: Trying to Produce a Memory representation from a non-existent mailbox.
[0813/163159.670:ERROR:gpu\command_buffer\service\shared_image\shared_image_manager.cc:386] SharedImageManager::ProduceMemory: Trying to Produce a Memory representation from a non-existent mailbox.
[0813/163159.670:ERROR:gpu\command_buffer\service\shared_image\shared_image_manager.cc:386] SharedImageManager::ProduceMemory: Trying to Produce a Memory representation from a non-existent mailbox.
[0813/163159.670:ERROR:gpu\command_buffer\service\shared_image\shared_image_manager.cc:386] SharedImageManager::ProduceMemory: Trying to Produce a Memory representation from a non-existent mailbox.
[0813/163159.670:ERROR:gpu\command_buffer\service\shared_image\shared_image_manager.cc:386] SharedImageManager::ProduceMemory: Trying to Produce a Memory representation from a non-existent mailbox.
[0813/163159.670:ERROR:gpu\command_buffer\service\shared_image\shared_image_manager.cc:386] SharedImageManager::ProduceMemory: Trying to Produce a Memory representation from a non-existent mailbox.
[0813/163159.670:ERROR:gpu\command_buffer\service\shared_image\shared_image_manager.cc:386] SharedImageManager::ProduceMemory: Trying to Produce a Memory representation from a non-existent mailbox.
[0813/163159.670:ERROR:gpu\command_buffer\service\shared_image\shared_image_manager.cc:386] SharedImageManager::ProduceMemory: Trying to Produce a Memory representation from a non-existent mailbox.
[0813/163159.670:ERROR:gpu\command_buffer\service\shared_image\shared_image_manager.cc:386] SharedImageManager::ProduceMemory: Trying to Produce a Memory representation from a non-existent mailbox.
[0813/163159.670:ERROR:gpu\command_buffer\service\shared_image\shared_image_manager.cc:386] SharedImageManager::ProduceMemory: Trying to Produce a Memory representation from a non-existent mailbox.
[0813/163159.670:ERROR:gpu\command_buffer\service\shared_image\shared_image_manager.cc:386] SharedImageManager::ProduceMemory: Trying to Produce a Memory representation from a non-existent mailbox.
[0813/163159.670:ERROR:gpu\command_buffer\service\shared_image\shared_image_manager.cc:386] SharedImageManager::ProduceMemory: Trying to Produce a Memory representation from a non-existent mailbox.
[0813/163159.670:ERROR:gpu\command_buffer\service\shared_image\shared_image_manager.cc:386] SharedImageManager::ProduceMemory: Trying to Produce a Memory representation from a non-existent mailbox.
[0813/163221.676:ERROR:gpu\command_buffer\service\shared_image\shared_image_manager.cc:386] SharedImageManager::ProduceMemory: Trying to Produce a Memory representation from a non-existent mailbox.
[0813/163221.676:ERROR:gpu\command_buffer\service\shared_image\shared_image_manager.cc:386] SharedImageManager::ProduceMemory: Trying to Produce a Memory representation from a non-existent mailbox.
[0813/190759.087:ERROR:gpu\command_buffer\service\shared_image\shared_image_manager.cc:386] SharedImageManager::ProduceMemory: Trying to Produce a Memory representation from a non-existent mailbox.
[0813/190801.508:ERROR:gpu\command_buffer\service\shared_image\shared_image_manager.cc:386] SharedImageManager::ProduceMemory: Trying to Produce a Memory representation from a non-existent mailbox.
[0813/190801.509:ERROR:gpu\command_buffer\service\shared_image\shared_image_manager.cc:386] SharedImageManager::ProduceMemory: Trying to Produce a Memory representation from a non-existent mailbox.
[0813/190801.509:ERROR:gpu\command_buffer\service\shared_image\shared_image_manager.cc:386] SharedImageManager::ProduceMemory: Trying to Produce a Memory representation from a non-existent mailbox.
[0813/190801.509:ERROR:gpu\command_buffer\service\shared_image\shared_image_manager.cc:386] SharedImageManager::ProduceMemory: Trying to Produce a Memory representation from a non-existent mailbox.
[0813/190801.509:ERROR:gpu\command_buffer\service\shared_image\shared_image_manager.cc:386] SharedImageManager::ProduceMemory: Trying to Produce a Memory representation from a non-existent mailbox.
[0813/190801.509:ERROR:gpu\command_buffer\service\shared_image\shared_image_manager.cc:386] SharedImageManager::ProduceMemory: Trying to Produce a Memory representation from a non-existent mailbox.
[0813/190801.509:ERROR:gpu\command_buffer\service\shared_image\shared_image_manager.cc:386] SharedImageManager::ProduceMemory: Trying to Produce a Memory representation from a non-existent mailbox.
[0813/190801.509:ERROR:gpu\command_buffer\service\shared_image\shared_image_manager.cc:386] SharedImageManager::ProduceMemory: Trying to Produce a Memory representation from a non-existent mailbox.
[0813/190801.509:ERROR:gpu\command_buffer\service\shared_image\shared_image_manager.cc:386] SharedImageManager::ProduceMemory: Trying to Produce a Memory representation from a non-existent mailbox.
[0813/190801.509:ERROR:gpu\command_buffer\service\shared_image\shared_image_manager.cc:386] SharedImageManager::ProduceMemory: Trying to Produce a Memory representation from a non-existent mailbox.
[0813/190801.509:ERROR:gpu\command_buffer\service\shared_image\shared_image_manager.cc:386] SharedImageManager::ProduceMemory: Trying to Produce a Memory representation from a non-existent mailbox.
[0813/234515.847:ERROR:gpu\command_buffer\service\shared_image\shared_image_manager.cc:386] SharedImageManager::ProduceMemory: Trying to Produce a Memory representation from a non-existent mailbox.
[0813/234515.848:ERROR:gpu\command_buffer\service\shared_image\shared_image_manager.cc:386] SharedImageManager::ProduceMemory: Trying to Produce a Memory representation from a non-existent mailbox.
[0813/234515.848:ERROR:gpu\command_buffer\service\shared_image\shared_image_manager.cc:386] SharedImageManager::ProduceMemory: Trying to Produce a Memory representation from a non-existent mailbox.
[0813/234515.848:ERROR:gpu\command_buffer\service\shared_image\shared_image_manager.cc:386] SharedImageManager::ProduceMemory: Trying to Produce a Memory representation from a non-existent mailbox.
[0813/234515.848:ERROR:gpu\command_buffer\service\shared_image\shared_image_manager.cc:386] SharedImageManager::ProduceMemory: Trying to Produce a Memory representation from a non-existent mailbox.
[0813/234515.848:ERROR:gpu\command_buffer\service\shared_image\shared_image_manager.cc:386] SharedImageManager::ProduceMemory: Trying to Produce a Memory representation from a non-existent mailbox.
[0813/234515.848:ERROR:gpu\command_buffer\service\shared_image\shared_image_manager.cc:386] SharedImageManager::ProduceMemory: Trying to Produce a Memory representation from a non-existent mailbox.
[0813/234515.848:ERROR:gpu\command_buffer\service\shared_image\shared_image_manager.cc:386] SharedImageManager::ProduceMemory: Trying to Produce a Memory representation from a non-existent mailbox.
[0813/234515.848:ERROR:gpu\command_buffer\service\shared_image\shared_image_manager.cc:386] SharedImageManager::ProduceMemory: Trying to Produce a Memory representation from a non-existent mailbox.
[0813/234515.968:ERROR:gpu\command_buffer\service\shared_image\shared_image_manager.cc:386] SharedImageManager::ProduceMemory: Trying to Produce a Memory representation from a non-existent mailbox.
[0813/234515.968:ERROR:gpu\command_buffer\service\shared_image\shared_image_manager.cc:386] SharedImageManager::ProduceMemory: Trying to Produce a Memory representation from a non-existent mailbox.
[0813/234515.968:ERROR:gpu\command_buffer\service\shared_image\shared_image_manager.cc:386] SharedImageManager::ProduceMemory: Trying to Produce a Memory representation from a non-existent mailbox.
[0813/234515.968:ERROR:gpu\command_buffer\service\shared_image\shared_image_manager.cc:386] SharedImageManager::ProduceMemory: Trying to Produce a Memory representation from a non-existent mailbox.
[0813/234515.968:ERROR:gpu\command_buffer\service\shared_image\shared_image_manager.cc:386] SharedImageManager::ProduceMemory: Trying to Produce a Memory representation from a non-existent mailbox.
[0813/234515.968:ERROR:gpu\command_buffer\service\shared_image\shared_image_manager.cc:386] SharedImageManager::ProduceMemory: Trying to Produce a Memory representation from a non-existent mailbox.
[0813/234515.968:ERROR:gpu\command_buffer\service\shared_image\shared_image_manager.cc:386] SharedImageManager::ProduceMemory: Trying to Produce a Memory representation from a non-existent mailbox.
[0813/234515.968:ERROR:gpu\command_buffer\service\shared_image\shared_image_manager.cc:386] SharedImageManager::ProduceMemory: Trying to Produce a Memory representation from a non-existent mailbox.
[0813/234515.968:ERROR:gpu\command_buffer\service\shared_image\shared_image_manager.cc:386] SharedImageManager::ProduceMemory: Trying to Produce a Memory representation from a non-existent mailbox.
[0813/234515.968:ERROR:gpu\command_buffer\service\shared_image\shared_image_manager.cc:386] SharedImageManager::ProduceMemory: Trying to Produce a Memory representation from a non-existent mailbox.
[0813/234515.968:ERROR:gpu\command_buffer\service\shared_image\shared_image_manager.cc:386] SharedImageManager::ProduceMemory: Trying to Produce a Memory representation from a non-existent mailbox.
[0813/234515.968:ERROR:gpu\command_buffer\service\shared_image\shared_image_manager.cc:386] SharedImageManager::ProduceMemory: Trying to Produce a Memory representation from a non-existent mailbox.
[0813/234515.968:ERROR:gpu\command_buffer\service\shared_image\shared_image_manager.cc:386] SharedImageManager::ProduceMemory: Trying to Produce a Memory representation from a non-existent mailbox.
[0813/234515.968:ERROR:gpu\command_buffer\service\shared_image\shared_image_manager.cc:386] SharedImageManager::ProduceMemory: Trying to Produce a Memory representation from a non-existent mailbox.
[0813/234515.968:ERROR:gpu\command_buffer\service\shared_image\shared_image_manager.cc:386] SharedImageManager::ProduceMemory: Trying to Produce a Memory representation from a non-existent mailbox.
[0813/234727.908:ERROR:gpu\command_buffer\service\shared_image\shared_image_manager.cc:386] SharedImageManager::ProduceMemory: Trying to Produce a Memory representation from a non-existent mailbox.
[0813/234727.909:ERROR:gpu\command_buffer\service\shared_image\shared_image_manager.cc:386] SharedImageManager::ProduceMemory: Trying to Produce a Memory representation from a non-existent mailbox.
[0813/234727.909:ERROR:gpu\command_buffer\service\shared_image\shared_image_manager.cc:386] SharedImageManager::ProduceMemory: Trying to Produce a Memory representation from a non-existent mailbox.
[0813/234727.909:ERROR:gpu\command_buffer\service\shared_image\shared_image_manager.cc:386] SharedImageManager::ProduceMemory: Trying to Produce a Memory representation from a non-existent mailbox.
[0813/234727.909:ERROR:gpu\command_buffer\service\shared_image\shared_image_manager.cc:386] SharedImageManager::ProduceMemory: Trying to Produce a Memory representation from a non-existent mailbox.
[0813/234727.909:ERROR:gpu\command_buffer\service\shared_image\shared_image_manager.cc:386] SharedImageManager::ProduceMemory: Trying to Produce a Memory representation from a non-existent mailbox.
[0813/234727.909:ERROR:gpu\command_buffer\service\shared_image\shared_image_manager.cc:386] SharedImageManager::ProduceMemory: Trying to Produce a Memory representation from a non-existent mailbox.
[0813/234727.909:ERROR:gpu\command_buffer\service\shared_image\shared_image_manager.cc:386] SharedImageManager::ProduceMemory: Trying to Produce a Memory representation from a non-existent mailbox.
[0813/234727.909:ERROR:gpu\command_buffer\service\shared_image\shared_image_manager.cc:386] SharedImageManager::ProduceMemory: Trying to Produce a Memory representation from a non-existent mailbox.
[0813/234727.909:ERROR:gpu\command_buffer\service\shared_image\shared_image_manager.cc:386] SharedImageManager::ProduceMemory: Trying to Produce a Memory representation from a non-existent mailbox.
[0813/234727.909:ERROR:gpu\command_buffer\service\shared_image\shared_image_manager.cc:386] SharedImageManager::ProduceMemory: Trying to Produce a Memory representation from a non-existent mailbox.
[0813/234727.909:ERROR:gpu\command_buffer\service\shared_image\shared_image_manager.cc:386] SharedImageManager::ProduceMemory: Trying to Produce a Memory representation from a non-existent mailbox.
[0813/234727.909:ERROR:gpu\command_buffer\service\shared_image\shared_image_manager.cc:386] SharedImageManager::ProduceMemory: Trying to Produce a Memory representation from a non-existent mailbox.
[0813/234727.909:ERROR:gpu\command_buffer\service\shared_image\shared_image_manager.cc:386] SharedImageManager::ProduceMemory: Trying to Produce a Memory representation from a non-existent mailbox.
[0813/234727.909:ERROR:gpu\command_buffer\service\shared_image\shared_image_manager.cc:386] SharedImageManager::ProduceMemory: Trying to Produce a Memory representation from a non-existent mailbox.
[0813/234727.909:ERROR:gpu\command_buffer\service\shared_image\shared_image_manager.cc:386] SharedImageManager::ProduceMemory: Trying to Produce a Memory representation from a non-existent mailbox.
[0813/234727.909:ERROR:gpu\command_buffer\service\shared_image\shared_image_manager.cc:386] SharedImageManager::ProduceMemory: Trying to Produce a Memory representation from a non-existent mailbox.
[0813/234727.909:ERROR:gpu\command_buffer\service\shared_image\shared_image_manager.cc:386] SharedImageManager::ProduceMemory: Trying to Produce a Memory representation from a non-existent mailbox.
[0813/234727.909:ERROR:gpu\command_buffer\service\shared_image\shared_image_manager.cc:386] SharedImageManager::ProduceMemory: Trying to Produce a Memory representation from a non-existent mailbox.
[0813/234727.909:ERROR:gpu\command_buffer\service\shared_image\shared_image_manager.cc:386] SharedImageManager::ProduceMemory: Trying to Produce a Memory representation from a non-existent mailbox.
[0813/234727.909:ERROR:gpu\command_buffer\service\shared_image\shared_image_manager.cc:386] SharedImageManager::ProduceMemory: Trying to Produce a Memory representation from a non-existent mailbox.
[0813/234728.155:ERROR:gpu\command_buffer\service\shared_image\shared_image_manager.cc:386] SharedImageManager::ProduceMemory: Trying to Produce a Memory representation from a non-existent mailbox.
[0813/234728.155:ERROR:gpu\command_buffer\service\shared_image\shared_image_manager.cc:386] SharedImageManager::ProduceMemory: Trying to Produce a Memory representation from a non-existent mailbox.
[0813/234728.155:ERROR:gpu\command_buffer\service\shared_image\shared_image_manager.cc:386] SharedImageManager::ProduceMemory: Trying to Produce a Memory representation from a non-existent mailbox.
[0813/234757.132:ERROR:gpu\command_buffer\service\shared_image\shared_image_manager.cc:386] SharedImageManager::ProduceMemory: Trying to Produce a Memory representation from a non-existent mailbox.
[0813/234757.132:ERROR:gpu\command_buffer\service\shared_image\shared_image_manager.cc:386] SharedImageManager::ProduceMemory: Trying to Produce a Memory representation from a non-existent mailbox.
[0813/234757.133:ERROR:gpu\command_buffer\service\shared_image\shared_image_manager.cc:386] SharedImageManager::ProduceMemory: Trying to Produce a Memory representation from a non-existent mailbox.
[0813/234757.133:ERROR:gpu\command_buffer\service\shared_image\shared_image_manager.cc:386] SharedImageManager::ProduceMemory: Trying to Produce a Memory representation from a non-existent mailbox.
[0813/234757.133:ERROR:gpu\command_buffer\service\shared_image\shared_image_manager.cc:386] SharedImageManager::ProduceMemory: Trying to Produce a Memory representation from a non-existent mailbox.
[0813/234757.133:ERROR:gpu\command_buffer\service\shared_image\shared_image_manager.cc:386] SharedImageManager::ProduceMemory: Trying to Produce a Memory representation from a non-existent mailbox.
[0813/234757.133:ERROR:gpu\command_buffer\service\shared_image\shared_image_manager.cc:386] SharedImageManager::ProduceMemory: Trying to Produce a Memory representation from a non-existent mailbox.
[0813/234757.133:ERROR:gpu\command_buffer\service\shared_image\shared_image_manager.cc:386] SharedImageManager::ProduceMemory: Trying to Produce a Memory representation from a non-existent mailbox.
[0813/234757.133:ERROR:gpu\command_buffer\service\shared_image\shared_image_manager.cc:386] SharedImageManager::ProduceMemory: Trying to Produce a Memory representation from a non-existent mailbox.
[0813/234757.133:ERROR:gpu\command_buffer\service\shared_image\shared_image_manager.cc:386] SharedImageManager::ProduceMemory: Trying to Produce a Memory representation from a non-existent mailbox.
[0813/234757.133:ERROR:gpu\command_buffer\service\shared_image\shared_image_manager.cc:386] SharedImageManager::ProduceMemory: Trying to Produce a Memory representation from a non-existent mailbox.
[0813/234757.133:ERROR:gpu\command_buffer\service\shared_image\shared_image_manager.cc:386] SharedImageManager::ProduceMemory: Trying to Produce a Memory representation from a non-existent mailbox.
[0813/234757.133:ERROR:gpu\command_buffer\service\shared_image\shared_image_manager.cc:386] SharedImageManager::ProduceMemory: Trying to Produce a Memory representation from a non-existent mailbox.
[0813/234757.133:ERROR:gpu\command_buffer\service\shared_image\shared_image_manager.cc:386] SharedImageManager::ProduceMemory: Trying to Produce a Memory representation from a non-existent mailbox.
[0813/234757.133:ERROR:gpu\command_buffer\service\shared_image\shared_image_manager.cc:386] SharedImageManager::ProduceMemory: Trying to Produce a Memory representation from a non-existent mailbox.
[0813/234757.133:ERROR:gpu\command_buffer\service\shared_image\shared_image_manager.cc:386] SharedImageManager::ProduceMemory: Trying to Produce a Memory representation from a non-existent mailbox.
[0813/234757.133:ERROR:gpu\command_buffer\service\shared_image\shared_image_manager.cc:386] SharedImageManager::ProduceMemory: Trying to Produce a Memory representation from a non-existent mailbox.
[0813/234757.133:ERROR:gpu\command_buffer\service\shared_image\shared_image_manager.cc:386] SharedImageManager::ProduceMemory: Trying to Produce a Memory representation from a non-existent mailbox.
[0813/234757.133:ERROR:gpu\command_buffer\service\shared_image\shared_image_manager.cc:386] SharedImageManager::ProduceMemory: Trying to Produce a Memory representation from a non-existent mailbox.
[0813/234757.133:ERROR:gpu\command_buffer\service\shared_image\shared_image_manager.cc:386] SharedImageManager::ProduceMemory: Trying to Produce a Memory representation from a non-existent mailbox.
[0813/234757.133:ERROR:gpu\command_buffer\service\shared_image\shared_image_manager.cc:386] SharedImageManager::ProduceMemory: Trying to Produce a Memory representation from a non-existent mailbox.
[0813/234757.133:ERROR:gpu\command_buffer\service\shared_image\shared_image_manager.cc:386] SharedImageManager::ProduceMemory: Trying to Produce a Memory representation from a non-existent mailbox.
[0813/234757.255:ERROR:gpu\command_buffer\service\shared_image\shared_image_manager.cc:386] SharedImageManager::ProduceMemory: Trying to Produce a Memory representation from a non-existent mailbox.
[0813/234757.255:ERROR:gpu\command_buffer\service\shared_image\shared_image_manager.cc:386] SharedImageManager::ProduceMemory: Trying to Produce a Memory representation from a non-existent mailbox.
[0813/234757.255:ERROR:gpu\command_buffer\service\shared_image\shared_image_manager.cc:386] SharedImageManager::ProduceMemory: Trying to Produce a Memory representation from a non-existent mailbox.
[0813/234757.255:ERROR:gpu\command_buffer\service\shared_image\shared_image_manager.cc:386] SharedImageManager::ProduceMemory: Trying to Produce a Memory representation from a non-existent mailbox.
[0813/234757.255:ERROR:gpu\command_buffer\service\shared_image\shared_image_manager.cc:386] SharedImageManager::ProduceMemory: Trying to Produce a Memory representation from a non-existent mailbox.
[0813/234757.255:ERROR:gpu\command_buffer\service\shared_image\shared_image_manager.cc:386] SharedImageManager::ProduceMemory: Trying to Produce a Memory representation from a non-existent mailbox.
[0813/234757.256:ERROR:gpu\command_buffer\service\shared_image\shared_image_manager.cc:386] SharedImageManager::ProduceMemory: Trying to Produce a Memory representation from a non-existent mailbox.
[0813/234757.257:ERROR:gpu\command_buffer\service\shared_image\shared_image_manager.cc:386] SharedImageManager::ProduceMemory: Trying to Produce a Memory representation from a non-existent mailbox.
[0813/234757.257:ERROR:gpu\command_buffer\service\shared_image\shared_image_manager.cc:386] SharedImageManager::ProduceMemory: Trying to Produce a Memory representation from a non-existent mailbox.
[0813/234757.403:ERROR:gpu\command_buffer\service\shared_image\shared_image_manager.cc:386] SharedImageManager::ProduceMemory: Trying to Produce a Memory representation from a non-existent mailbox.
[0813/234757.403:ERROR:gpu\command_buffer\service\shared_image\shared_image_manager.cc:386] SharedImageManager::ProduceMemory: Trying to Produce a Memory representation from a non-existent mailbox.
[0813/234757.404:ERROR:gpu\command_buffer\service\shared_image\shared_image_manager.cc:386] SharedImageManager::ProduceMemory: Trying to Produce a Memory representation from a non-existent mailbox.
[0813/234838.956:ERROR:gpu\command_buffer\service\shared_image\shared_image_manager.cc:386] SharedImageManager::ProduceMemory: Trying to Produce a Memory representation from a non-existent mailbox.
[0813/234838.957:ERROR:gpu\command_buffer\service\shared_image\shared_image_manager.cc:386] SharedImageManager::ProduceMemory: Trying to Produce a Memory representation from a non-existent mailbox.
[0813/234838.957:ERROR:gpu\command_buffer\service\shared_image\shared_image_manager.cc:386] SharedImageManager::ProduceMemory: Trying to Produce a Memory representation from a non-existent mailbox.
[0813/234838.957:ERROR:gpu\command_buffer\service\shared_image\shared_image_manager.cc:386] SharedImageManager::ProduceMemory: Trying to Produce a Memory representation from a non-existent mailbox.
[0813/234838.957:ERROR:gpu\command_buffer\service\shared_image\shared_image_manager.cc:386] SharedImageManager::ProduceMemory: Trying to Produce a Memory representation from a non-existent mailbox.
[0813/234838.957:ERROR:gpu\command_buffer\service\shared_image\shared_image_manager.cc:386] SharedImageManager::ProduceMemory: Trying to Produce a Memory representation from a non-existent mailbox.
[0813/234838.957:ERROR:gpu\command_buffer\service\shared_image\shared_image_manager.cc:386] SharedImageManager::ProduceMemory: Trying to Produce a Memory representation from a non-existent mailbox.
[0813/234838.957:ERROR:gpu\command_buffer\service\shared_image\shared_image_manager.cc:386] SharedImageManager::ProduceMemory: Trying to Produce a Memory representation from a non-existent mailbox.
[0813/234838.957:ERROR:gpu\command_buffer\service\shared_image\shared_image_manager.cc:386] SharedImageManager::ProduceMemory: Trying to Produce a Memory representation from a non-existent mailbox.
[0813/234838.957:ERROR:gpu\command_buffer\service\shared_image\shared_image_manager.cc:386] SharedImageManager::ProduceMemory: Trying to Produce a Memory representation from a non-existent mailbox.
[0813/234838.957:ERROR:gpu\command_buffer\service\shared_image\shared_image_manager.cc:386] SharedImageManager::ProduceMemory: Trying to Produce a Memory representation from a non-existent mailbox.
[0813/234838.957:ERROR:gpu\command_buffer\service\shared_image\shared_image_manager.cc:386] SharedImageManager::ProduceMemory: Trying to Produce a Memory representation from a non-existent mailbox.
[0813/234838.957:ERROR:gpu\command_buffer\service\shared_image\shared_image_manager.cc:386] SharedImageManager::ProduceMemory: Trying to Produce a Memory representation from a non-existent mailbox.
[0813/234838.957:ERROR:gpu\command_buffer\service\shared_image\shared_image_manager.cc:386] SharedImageManager::ProduceMemory: Trying to Produce a Memory representation from a non-existent mailbox.
[0813/234838.957:ERROR:gpu\command_buffer\service\shared_image\shared_image_manager.cc:386] SharedImageManager::ProduceMemory: Trying to Produce a Memory representation from a non-existent mailbox.
[0813/234838.957:ERROR:gpu\command_buffer\service\shared_image\shared_image_manager.cc:386] SharedImageManager::ProduceMemory: Trying to Produce a Memory representation from a non-existent mailbox.
[0813/234838.957:ERROR:gpu\command_buffer\service\shared_image\shared_image_manager.cc:386] SharedImageManager::ProduceMemory: Trying to Produce a Memory representation from a non-existent mailbox.
[0813/234838.957:ERROR:gpu\command_buffer\service\shared_image\shared_image_manager.cc:386] SharedImageManager::ProduceMemory: Trying to Produce a Memory representation from a non-existent mailbox.
[0813/234838.957:ERROR:gpu\command_buffer\service\shared_image\shared_image_manager.cc:386] SharedImageManager::ProduceMemory: Trying to Produce a Memory representation from a non-existent mailbox.
[0813/234838.957:ERROR:gpu\command_buffer\service\shared_image\shared_image_manager.cc:386] SharedImageManager::ProduceMemory: Trying to Produce a Memory representation from a non-existent mailbox.
[0813/234839.076:ERROR:gpu\command_buffer\service\shared_image\shared_image_manager.cc:386] SharedImageManager::ProduceMemory: Trying to Produce a Memory representation from a non-existent mailbox.
[0813/234839.077:ERROR:gpu\command_buffer\service\shared_image\shared_image_manager.cc:386] SharedImageManager::ProduceMemory: Trying to Produce a Memory representation from a non-existent mailbox.
[0813/234839.077:ERROR:gpu\command_buffer\service\shared_image\shared_image_manager.cc:386] SharedImageManager::ProduceMemory: Trying to Produce a Memory representation from a non-existent mailbox.
[0813/234839.077:ERROR:gpu\command_buffer\service\shared_image\shared_image_manager.cc:386] SharedImageManager::ProduceMemory: Trying to Produce a Memory representation from a non-existent mailbox.
[0813/234839.077:ERROR:gpu\command_buffer\service\shared_image\shared_image_manager.cc:386] SharedImageManager::ProduceMemory: Trying to Produce a Memory representation from a non-existent mailbox.
[0813/234839.077:ERROR:gpu\command_buffer\service\shared_image\shared_image_manager.cc:386] SharedImageManager::ProduceMemory: Trying to Produce a Memory representation from a non-existent mailbox.
[0813/234839.077:ERROR:gpu\command_buffer\service\shared_image\shared_image_manager.cc:386] SharedImageManager::ProduceMemory: Trying to Produce a Memory representation from a non-existent mailbox.
[0813/234839.077:ERROR:gpu\command_buffer\service\shared_image\shared_image_manager.cc:386] SharedImageManager::ProduceMemory: Trying to Produce a Memory representation from a non-existent mailbox.
[0813/234839.077:ERROR:gpu\command_buffer\service\shared_image\shared_image_manager.cc:386] SharedImageManager::ProduceMemory: Trying to Produce a Memory representation from a non-existent mailbox.
[0813/234839.077:ERROR:gpu\command_buffer\service\shared_image\shared_image_manager.cc:386] SharedImageManager::ProduceMemory: Trying to Produce a Memory representation from a non-existent mailbox.
[0813/234839.077:ERROR:gpu\command_buffer\service\shared_image\shared_image_manager.cc:386] SharedImageManager::ProduceMemory: Trying to Produce a Memory representation from a non-existent mailbox.
[0813/234839.077:ERROR:gpu\command_buffer\service\shared_image\shared_image_manager.cc:386] SharedImageManager::ProduceMemory: Trying to Produce a Memory representation from a non-existent mailbox.
[0813/234839.077:ERROR:gpu\command_buffer\service\shared_image\shared_image_manager.cc:386] SharedImageManager::ProduceMemory: Trying to Produce a Memory representation from a non-existent mailbox.
[0813/234839.077:ERROR:gpu\command_buffer\service\shared_image\shared_image_manager.cc:386] SharedImageManager::ProduceMemory: Trying to Produce a Memory representation from a non-existent mailbox.
[0813/234839.077:ERROR:gpu\command_buffer\service\shared_image\shared_image_manager.cc:386] SharedImageManager::ProduceMemory: Trying to Produce a Memory representation from a non-existent mailbox.
[0813/234839.077:ERROR:gpu\command_buffer\service\shared_image\shared_image_manager.cc:386] SharedImageManager::ProduceMemory: Trying to Produce a Memory representation from a non-existent mailbox.
[0813/234839.077:ERROR:gpu\command_buffer\service\shared_image\shared_image_manager.cc:386] SharedImageManager::ProduceMemory: Trying to Produce a Memory representation from a non-existent mailbox.
[0813/234839.198:ERROR:gpu\command_buffer\service\shared_image\shared_image_manager.cc:386] SharedImageManager::ProduceMemory: Trying to Produce a Memory representation from a non-existent mailbox.
[0813/234839.198:ERROR:gpu\command_buffer\service\shared_image\shared_image_manager.cc:386] SharedImageManager::ProduceMemory: Trying to Produce a Memory representation from a non-existent mailbox.
[0813/234839.198:ERROR:gpu\command_buffer\service\shared_image\shared_image_manager.cc:386] SharedImageManager::ProduceMemory: Trying to Produce a Memory representation from a non-existent mailbox.
[0813/234922.065:ERROR:gpu\command_buffer\service\shared_image\shared_image_manager.cc:386] SharedImageManager::ProduceMemory: Trying to Produce a Memory representation from a non-existent mailbox.
[0813/234922.065:ERROR:gpu\command_buffer\service\shared_image\shared_image_manager.cc:386] SharedImageManager::ProduceMemory: Trying to Produce a Memory representation from a non-existent mailbox.
[0813/234922.065:ERROR:gpu\command_buffer\service\shared_image\shared_image_manager.cc:386] SharedImageManager::ProduceMemory: Trying to Produce a Memory representation from a non-existent mailbox.
[0813/234922.065:ERROR:gpu\command_buffer\service\shared_image\shared_image_manager.cc:386] SharedImageManager::ProduceMemory: Trying to Produce a Memory representation from a non-existent mailbox.
[0813/234922.065:ERROR:gpu\command_buffer\service\shared_image\shared_image_manager.cc:386] SharedImageManager::ProduceMemory: Trying to Produce a Memory representation from a non-existent mailbox.
[0813/234922.065:ERROR:gpu\command_buffer\service\shared_image\shared_image_manager.cc:386] SharedImageManager::ProduceMemory: Trying to Produce a Memory representation from a non-existent mailbox.
[0813/234922.065:ERROR:gpu\command_buffer\service\shared_image\shared_image_manager.cc:386] SharedImageManager::ProduceMemory: Trying to Produce a Memory representation from a non-existent mailbox.
[0813/234922.065:ERROR:gpu\command_buffer\service\shared_image\shared_image_manager.cc:386] SharedImageManager::ProduceMemory: Trying to Produce a Memory representation from a non-existent mailbox.
[0813/234922.065:ERROR:gpu\command_buffer\service\shared_image\shared_image_manager.cc:386] SharedImageManager::ProduceMemory: Trying to Produce a Memory representation from a non-existent mailbox.
[0813/234922.065:ERROR:gpu\command_buffer\service\shared_image\shared_image_manager.cc:386] SharedImageManager::ProduceMemory: Trying to Produce a Memory representation from a non-existent mailbox.
[0813/234922.065:ERROR:gpu\command_buffer\service\shared_image\shared_image_manager.cc:386] SharedImageManager::ProduceMemory: Trying to Produce a Memory representation from a non-existent mailbox.
[0813/234922.065:ERROR:gpu\command_buffer\service\shared_image\shared_image_manager.cc:386] SharedImageManager::ProduceMemory: Trying to Produce a Memory representation from a non-existent mailbox.
[0813/234922.065:ERROR:gpu\command_buffer\service\shared_image\shared_image_manager.cc:386] SharedImageManager::ProduceMemory: Trying to Produce a Memory representation from a non-existent mailbox.
[0813/234922.065:ERROR:gpu\command_buffer\service\shared_image\shared_image_manager.cc:386] SharedImageManager::ProduceMemory: Trying to Produce a Memory representation from a non-existent mailbox.
[0813/234922.065:ERROR:gpu\command_buffer\service\shared_image\shared_image_manager.cc:386] SharedImageManager::ProduceMemory: Trying to Produce a Memory representation from a non-existent mailbox.
[0813/234922.065:ERROR:gpu\command_buffer\service\shared_image\shared_image_manager.cc:386] SharedImageManager::ProduceMemory: Trying to Produce a Memory representation from a non-existent mailbox.
[0813/234922.065:ERROR:gpu\command_buffer\service\shared_image\shared_image_manager.cc:386] SharedImageManager::ProduceMemory: Trying to Produce a Memory representation from a non-existent mailbox.
[0813/234922.065:ERROR:gpu\command_buffer\service\shared_image\shared_image_manager.cc:386] SharedImageManager::ProduceMemory: Trying to Produce a Memory representation from a non-existent mailbox.
[0813/234922.065:ERROR:gpu\command_buffer\service\shared_image\shared_image_manager.cc:386] SharedImageManager::ProduceMemory: Trying to Produce a Memory representation from a non-existent mailbox.
[0813/234922.065:ERROR:gpu\command_buffer\service\shared_image\shared_image_manager.cc:386] SharedImageManager::ProduceMemory: Trying to Produce a Memory representation from a non-existent mailbox.
[0813/234922.066:ERROR:gpu\command_buffer\service\shared_image\shared_image_manager.cc:386] SharedImageManager::ProduceMemory: Trying to Produce a Memory representation from a non-existent mailbox.
[0813/234922.066:ERROR:gpu\command_buffer\service\shared_image\shared_image_manager.cc:386] SharedImageManager::ProduceMemory: Trying to Produce a Memory representation from a non-existent mailbox.
[0813/234922.066:ERROR:gpu\command_buffer\service\shared_image\shared_image_manager.cc:386] SharedImageManager::ProduceMemory: Trying to Produce a Memory representation from a non-existent mailbox.
[0813/234922.066:ERROR:gpu\command_buffer\service\shared_image\shared_image_manager.cc:386] SharedImageManager::ProduceMemory: Trying to Produce a Memory representation from a non-existent mailbox.
[0813/234922.066:ERROR:gpu\command_buffer\service\shared_image\shared_image_manager.cc:386] SharedImageManager::ProduceMemory: Trying to Produce a Memory representation from a non-existent mailbox.
[0813/234922.066:ERROR:gpu\command_buffer\service\shared_image\shared_image_manager.cc:386] SharedImageManager::ProduceMemory: Trying to Produce a Memory representation from a non-existent mailbox.
[0813/234922.066:ERROR:gpu\command_buffer\service\shared_image\shared_image_manager.cc:386] SharedImageManager::ProduceMemory: Trying to Produce a Memory representation from a non-existent mailbox.
[0813/234922.066:ERROR:gpu\command_buffer\service\shared_image\shared_image_manager.cc:386] SharedImageManager::ProduceMemory: Trying to Produce a Memory representation from a non-existent mailbox.
[0813/234922.066:ERROR:gpu\command_buffer\service\shared_image\shared_image_manager.cc:386] SharedImageManager::ProduceMemory: Trying to Produce a Memory representation from a non-existent mailbox.
[0813/234922.066:ERROR:gpu\command_buffer\service\shared_image\shared_image_manager.cc:386] SharedImageManager::ProduceMemory: Trying to Produce a Memory representation from a non-existent mailbox.
[0813/234922.066:ERROR:gpu\command_buffer\service\shared_image\shared_image_manager.cc:386] SharedImageManager::ProduceMemory: Trying to Produce a Memory representation from a non-existent mailbox.
[0813/234922.066:ERROR:gpu\command_buffer\service\shared_image\shared_image_manager.cc:386] SharedImageManager::ProduceMemory: Trying to Produce a Memory representation from a non-existent mailbox.
[0813/234922.066:ERROR:gpu\command_buffer\service\shared_image\shared_image_manager.cc:386] SharedImageManager::ProduceMemory: Trying to Produce a Memory representation from a non-existent mailbox.
[0813/234922.066:ERROR:gpu\command_buffer\service\shared_image\shared_image_manager.cc:386] SharedImageManager::ProduceMemory: Trying to Produce a Memory representation from a non-existent mailbox.
[0813/234922.066:ERROR:gpu\command_buffer\service\shared_image\shared_image_manager.cc:386] SharedImageManager::ProduceMemory: Trying to Produce a Memory representation from a non-existent mailbox.
[0813/234922.066:ERROR:gpu\command_buffer\service\shared_image\shared_image_manager.cc:386] SharedImageManager::ProduceMemory: Trying to Produce a Memory representation from a non-existent mailbox.
[0813/234922.066:ERROR:gpu\command_buffer\service\shared_image\shared_image_manager.cc:386] SharedImageManager::ProduceMemory: Trying to Produce a Memory representation from a non-existent mailbox.
[0813/234922.066:ERROR:gpu\command_buffer\service\shared_image\shared_image_manager.cc:386] SharedImageManager::ProduceMemory: Trying to Produce a Memory representation from a non-existent mailbox.
[0813/234922.066:ERROR:gpu\command_buffer\service\shared_image\shared_image_manager.cc:386] SharedImageManager::ProduceMemory: Trying to Produce a Memory representation from a non-existent mailbox.
[0813/234922.066:ERROR:gpu\command_buffer\service\shared_image\shared_image_manager.cc:386] SharedImageManager::ProduceMemory: Trying to Produce a Memory representation from a non-existent mailbox.
[0813/234922.066:ERROR:gpu\command_buffer\service\shared_image\shared_image_manager.cc:386] SharedImageManager::ProduceMemory: Trying to Produce a Memory representation from a non-existent mailbox.
[0813/234922.066:ERROR:gpu\command_buffer\service\shared_image\shared_image_manager.cc:386] SharedImageManager::ProduceMemory: Trying to Produce a Memory representation from a non-existent mailbox.
[0813/234922.066:ERROR:gpu\command_buffer\service\shared_image\shared_image_manager.cc:386] SharedImageManager::ProduceMemory: Trying to Produce a Memory representation from a non-existent mailbox.
[0813/234922.066:ERROR:gpu\command_buffer\service\shared_image\shared_image_manager.cc:386] SharedImageManager::ProduceMemory: Trying to Produce a Memory representation from a non-existent mailbox.
[0813/234922.066:ERROR:gpu\command_buffer\service\shared_image\shared_image_manager.cc:386] SharedImageManager::ProduceMemory: Trying to Produce a Memory representation from a non-existent mailbox.
[0813/234922.066:ERROR:gpu\command_buffer\service\shared_image\shared_image_manager.cc:386] SharedImageManager::ProduceMemory: Trying to Produce a Memory representation from a non-existent mailbox.
[0813/234922.066:ERROR:gpu\command_buffer\service\shared_image\shared_image_manager.cc:386] SharedImageManager::ProduceMemory: Trying to Produce a Memory representation from a non-existent mailbox.
[0813/234922.072:ERROR:gpu\command_buffer\service\shared_image\shared_image_manager.cc:386] SharedImageManager::ProduceMemory: Trying to Produce a Memory representation from a non-existent mailbox.
[0813/234922.072:ERROR:gpu\command_buffer\service\shared_image\shared_image_manager.cc:386] SharedImageManager::ProduceMemory: Trying to Produce a Memory representation from a non-existent mailbox.
[0813/234922.072:ERROR:gpu\command_buffer\service\shared_image\shared_image_manager.cc:386] SharedImageManager::ProduceMemory: Trying to Produce a Memory representation from a non-existent mailbox.
[0813/234922.072:ERROR:gpu\command_buffer\service\shared_image\shared_image_manager.cc:386] SharedImageManager::ProduceMemory: Trying to Produce a Memory representation from a non-existent mailbox.
[0813/234922.072:ERROR:gpu\command_buffer\service\shared_image\shared_image_manager.cc:386] SharedImageManager::ProduceMemory: Trying to Produce a Memory representation from a non-existent mailbox.
[0813/234922.072:ERROR:gpu\command_buffer\service\shared_image\shared_image_manager.cc:386] SharedImageManager::ProduceMemory: Trying to Produce a Memory representation from a non-existent mailbox.
[0813/234922.072:ERROR:gpu\command_buffer\service\shared_image\shared_image_manager.cc:386] SharedImageManager::ProduceMemory: Trying to Produce a Memory representation from a non-existent mailbox.
[0813/234922.072:ERROR:gpu\command_buffer\service\shared_image\shared_image_manager.cc:386] SharedImageManager::ProduceMemory: Trying to Produce a Memory representation from a non-existent mailbox.
[0813/234922.076:ERROR:gpu\command_buffer\service\shared_image\shared_image_manager.cc:386] SharedImageManager::ProduceMemory: Trying to Produce a Memory representation from a non-existent mailbox.
[0813/234922.076:ERROR:gpu\command_buffer\service\shared_image\shared_image_manager.cc:386] SharedImageManager::ProduceMemory: Trying to Produce a Memory representation from a non-existent mailbox.
[0813/234922.077:ERROR:gpu\command_buffer\service\shared_image\shared_image_manager.cc:386] SharedImageManager::ProduceMemory: Trying to Produce a Memory representation from a non-existent mailbox.
[0813/234922.193:ERROR:gpu\command_buffer\service\shared_image\shared_image_manager.cc:386] SharedImageManager::ProduceMemory: Trying to Produce a Memory representation from a non-existent mailbox.
[0813/234922.193:ERROR:gpu\command_buffer\service\shared_image\shared_image_manager.cc:386] SharedImageManager::ProduceMemory: Trying to Produce a Memory representation from a non-existent mailbox.
[0813/234922.193:ERROR:gpu\command_buffer\service\shared_image\shared_image_manager.cc:386] SharedImageManager::ProduceMemory: Trying to Produce a Memory representation from a non-existent mailbox.
[0813/234922.193:ERROR:gpu\command_buffer\service\shared_image\shared_image_manager.cc:386] SharedImageManager::ProduceMemory: Trying to Produce a Memory representation from a non-existent mailbox.
[0813/234922.193:ERROR:gpu\command_buffer\service\shared_image\shared_image_manager.cc:386] SharedImageManager::ProduceMemory: Trying to Produce a Memory representation from a non-existent mailbox.
[0813/234922.322:ERROR:gpu\command_buffer\service\shared_image\shared_image_manager.cc:386] SharedImageManager::ProduceMemory: Trying to Produce a Memory representation from a non-existent mailbox.
[0813/234922.322:ERROR:gpu\command_buffer\service\shared_image\shared_image_manager.cc:386] SharedImageManager::ProduceMemory: Trying to Produce a Memory representation from a non-existent mailbox.
[0813/234922.323:ERROR:gpu\command_buffer\service\shared_image\shared_image_manager.cc:386] SharedImageManager::ProduceMemory: Trying to Produce a Memory representation from a non-existent mailbox.
[0813/235047.771:ERROR:gpu\command_buffer\service\shared_image\shared_image_manager.cc:386] SharedImageManager::ProduceMemory: Trying to Produce a Memory representation from a non-existent mailbox.
[0813/235047.772:ERROR:gpu\command_buffer\service\shared_image\shared_image_manager.cc:386] SharedImageManager::ProduceMemory: Trying to Produce a Memory representation from a non-existent mailbox.
[0813/235047.772:ERROR:gpu\command_buffer\service\shared_image\shared_image_manager.cc:386] SharedImageManager::ProduceMemory: Trying to Produce a Memory representation from a non-existent mailbox.
[0813/235047.772:ERROR:gpu\command_buffer\service\shared_image\shared_image_manager.cc:386] SharedImageManager::ProduceMemory: Trying to Produce a Memory representation from a non-existent mailbox.
[0813/235047.772:ERROR:gpu\command_buffer\service\shared_image\shared_image_manager.cc:386] SharedImageManager::ProduceMemory: Trying to Produce a Memory representation from a non-existent mailbox.
[0813/235047.772:ERROR:gpu\command_buffer\service\shared_image\shared_image_manager.cc:386] SharedImageManager::ProduceMemory: Trying to Produce a Memory representation from a non-existent mailbox.
[0813/235047.898:ERROR:gpu\command_buffer\service\shared_image\shared_image_manager.cc:386] SharedImageManager::ProduceMemory: Trying to Produce a Memory representation from a non-existent mailbox.
[0813/235047.898:ERROR:gpu\command_buffer\service\shared_image\shared_image_manager.cc:386] SharedImageManager::ProduceMemory: Trying to Produce a Memory representation from a non-existent mailbox.
[0813/235047.898:ERROR:gpu\command_buffer\service\shared_image\shared_image_manager.cc:386] SharedImageManager::ProduceMemory: Trying to Produce a Memory representation from a non-existent mailbox.
[0813/235047.898:ERROR:gpu\command_buffer\service\shared_image\shared_image_manager.cc:386] SharedImageManager::ProduceMemory: Trying to Produce a Memory representation from a non-existent mailbox.
[0813/235047.898:ERROR:gpu\command_buffer\service\shared_image\shared_image_manager.cc:386] SharedImageManager::ProduceMemory: Trying to Produce a Memory representation from a non-existent mailbox.
[0813/235047.898:ERROR:gpu\command_buffer\service\shared_image\shared_image_manager.cc:386] SharedImageManager::ProduceMemory: Trying to Produce a Memory representation from a non-existent mailbox.
[0813/235047.898:ERROR:gpu\command_buffer\service\shared_image\shared_image_manager.cc:386] SharedImageManager::ProduceMemory: Trying to Produce a Memory representation from a non-existent mailbox.
[0813/235047.899:ERROR:gpu\command_buffer\service\shared_image\shared_image_manager.cc:386] SharedImageManager::ProduceMemory: Trying to Produce a Memory representation from a non-existent mailbox.
[0813/235047.900:ERROR:gpu\command_buffer\service\shared_image\shared_image_manager.cc:386] SharedImageManager::ProduceMemory: Trying to Produce a Memory representation from a non-existent mailbox.
[0813/235047.900:ERROR:gpu\command_buffer\service\shared_image\shared_image_manager.cc:386] SharedImageManager::ProduceMemory: Trying to Produce a Memory representation from a non-existent mailbox.
[0813/235048.026:ERROR:gpu\command_buffer\service\shared_image\shared_image_manager.cc:386] SharedImageManager::ProduceMemory: Trying to Produce a Memory representation from a non-existent mailbox.
[0813/235048.026:ERROR:gpu\command_buffer\service\shared_image\shared_image_manager.cc:386] SharedImageManager::ProduceMemory: Trying to Produce a Memory representation from a non-existent mailbox.
[0813/235048.027:ERROR:gpu\command_buffer\service\shared_image\shared_image_manager.cc:386] SharedImageManager::ProduceMemory: Trying to Produce a Memory representation from a non-existent mailbox.
[0813/235115.447:ERROR:gpu\command_buffer\service\shared_image\shared_image_manager.cc:386] SharedImageManager::ProduceMemory: Trying to Produce a Memory representation from a non-existent mailbox.
[0813/235115.447:ERROR:gpu\command_buffer\service\shared_image\shared_image_manager.cc:386] SharedImageManager::ProduceMemory: Trying to Produce a Memory representation from a non-existent mailbox.
[0814/000334.146:ERROR:gpu\command_buffer\service\shared_image\shared_image_manager.cc:386] SharedImageManager::ProduceMemory: Trying to Produce a Memory representation from a non-existent mailbox.
[0814/000334.146:ERROR:gpu\command_buffer\service\shared_image\shared_image_manager.cc:386] SharedImageManager::ProduceMemory: Trying to Produce a Memory representation from a non-existent mailbox.
[0814/000334.146:ERROR:gpu\command_buffer\service\shared_image\shared_image_manager.cc:386] SharedImageManager::ProduceMemory: Trying to Produce a Memory representation from a non-existent mailbox.
[0814/000334.147:ERROR:gpu\command_buffer\service\shared_image\shared_image_manager.cc:386] SharedImageManager::ProduceMemory: Trying to Produce a Memory representation from a non-existent mailbox.
[0814/000334.147:ERROR:gpu\command_buffer\service\shared_image\shared_image_manager.cc:386] SharedImageManager::ProduceMemory: Trying to Produce a Memory representation from a non-existent mailbox.
[0814/000334.147:ERROR:gpu\command_buffer\service\shared_image\shared_image_manager.cc:386] SharedImageManager::ProduceMemory: Trying to Produce a Memory representation from a non-existent mailbox.
[0814/000334.147:ERROR:gpu\command_buffer\service\shared_image\shared_image_manager.cc:386] SharedImageManager::ProduceMemory: Trying to Produce a Memory representation from a non-existent mailbox.
[0814/000334.147:ERROR:gpu\command_buffer\service\shared_image\shared_image_manager.cc:386] SharedImageManager::ProduceMemory: Trying to Produce a Memory representation from a non-existent mailbox.
[0814/000337.471:ERROR:gpu\command_buffer\service\shared_image\shared_image_manager.cc:386] SharedImageManager::ProduceMemory: Trying to Produce a Memory representation from a non-existent mailbox.
[0814/000337.471:ERROR:gpu\command_buffer\service\shared_image\shared_image_manager.cc:386] SharedImageManager::ProduceMemory: Trying to Produce a Memory representation from a non-existent mailbox.
[0814/000337.471:ERROR:gpu\command_buffer\service\shared_image\shared_image_manager.cc:386] SharedImageManager::ProduceMemory: Trying to Produce a Memory representation from a non-existent mailbox.
[0814/000337.471:ERROR:gpu\command_buffer\service\shared_image\shared_image_manager.cc:386] SharedImageManager::ProduceMemory: Trying to Produce a Memory representation from a non-existent mailbox.
[0814/000337.471:ERROR:gpu\command_buffer\service\shared_image\shared_image_manager.cc:386] SharedImageManager::ProduceMemory: Trying to Produce a Memory representation from a non-existent mailbox.
[0814/000337.471:ERROR:gpu\command_buffer\service\shared_image\shared_image_manager.cc:386] SharedImageManager::ProduceMemory: Trying to Produce a Memory representation from a non-existent mailbox.
[0814/000337.471:ERROR:gpu\command_buffer\service\shared_image\shared_image_manager.cc:386] SharedImageManager::ProduceMemory: Trying to Produce a Memory representation from a non-existent mailbox.
[0814/000337.471:ERROR:gpu\command_buffer\service\shared_image\shared_image_manager.cc:386] SharedImageManager::ProduceMemory: Trying to Produce a Memory representation from a non-existent mailbox.
[0814/000337.471:ERROR:gpu\command_buffer\service\shared_image\shared_image_manager.cc:386] SharedImageManager::ProduceMemory: Trying to Produce a Memory representation from a non-existent mailbox.
[0814/000337.471:ERROR:gpu\command_buffer\service\shared_image\shared_image_manager.cc:386] SharedImageManager::ProduceMemory: Trying to Produce a Memory representation from a non-existent mailbox.
[0814/000337.471:ERROR:gpu\command_buffer\service\shared_image\shared_image_manager.cc:386] SharedImageManager::ProduceMemory: Trying to Produce a Memory representation from a non-existent mailbox.
[0814/000337.471:ERROR:gpu\command_buffer\service\shared_image\shared_image_manager.cc:386] SharedImageManager::ProduceMemory: Trying to Produce a Memory representation from a non-existent mailbox.
[0814/000337.471:ERROR:gpu\command_buffer\service\shared_image\shared_image_manager.cc:386] SharedImageManager::ProduceMemory: Trying to Produce a Memory representation from a non-existent mailbox.
[0814/000337.471:ERROR:gpu\command_buffer\service\shared_image\shared_image_manager.cc:386] SharedImageManager::ProduceMemory: Trying to Produce a Memory representation from a non-existent mailbox.
[0814/000337.472:ERROR:gpu\command_buffer\service\shared_image\shared_image_manager.cc:386] SharedImageManager::ProduceMemory: Trying to Produce a Memory representation from a non-existent mailbox.
[0814/000337.472:ERROR:gpu\command_buffer\service\shared_image\shared_image_manager.cc:386] SharedImageManager::ProduceMemory: Trying to Produce a Memory representation from a non-existent mailbox.
[0814/000337.472:ERROR:gpu\command_buffer\service\shared_image\shared_image_manager.cc:386] SharedImageManager::ProduceMemory: Trying to Produce a Memory representation from a non-existent mailbox.
[0814/000337.472:ERROR:gpu\command_buffer\service\shared_image\shared_image_manager.cc:386] SharedImageManager::ProduceMemory: Trying to Produce a Memory representation from a non-existent mailbox.
[0814/000337.472:ERROR:gpu\command_buffer\service\shared_image\shared_image_manager.cc:386] SharedImageManager::ProduceMemory: Trying to Produce a Memory representation from a non-existent mailbox.
[0814/000337.472:ERROR:gpu\command_buffer\service\shared_image\shared_image_manager.cc:386] SharedImageManager::ProduceMemory: Trying to Produce a Memory representation from a non-existent mailbox.
[0814/000337.472:ERROR:gpu\command_buffer\service\shared_image\shared_image_manager.cc:386] SharedImageManager::ProduceMemory: Trying to Produce a Memory representation from a non-existent mailbox.
[0814/000337.472:ERROR:gpu\command_buffer\service\shared_image\shared_image_manager.cc:386] SharedImageManager::ProduceMemory: Trying to Produce a Memory representation from a non-existent mailbox.
[0814/000337.472:ERROR:gpu\command_buffer\service\shared_image\shared_image_manager.cc:386] SharedImageManager::ProduceMemory: Trying to Produce a Memory representation from a non-existent mailbox.
[0814/000337.472:ERROR:gpu\command_buffer\service\shared_image\shared_image_manager.cc:386] SharedImageManager::ProduceMemory: Trying to Produce a Memory representation from a non-existent mailbox.
[0814/000337.472:ERROR:gpu\command_buffer\service\shared_image\shared_image_manager.cc:386] SharedImageManager::ProduceMemory: Trying to Produce a Memory representation from a non-existent mailbox.
[0814/000337.472:ERROR:gpu\command_buffer\service\shared_image\shared_image_manager.cc:386] SharedImageManager::ProduceMemory: Trying to Produce a Memory representation from a non-existent mailbox.
[0814/000337.472:ERROR:gpu\command_buffer\service\shared_image\shared_image_manager.cc:386] SharedImageManager::ProduceMemory: Trying to Produce a Memory representation from a non-existent mailbox.
[0814/000337.472:ERROR:gpu\command_buffer\service\shared_image\shared_image_manager.cc:386] SharedImageManager::ProduceMemory: Trying to Produce a Memory representation from a non-existent mailbox.
[0814/000337.472:ERROR:gpu\command_buffer\service\shared_image\shared_image_manager.cc:386] SharedImageManager::ProduceMemory: Trying to Produce a Memory representation from a non-existent mailbox.
[0814/000337.472:ERROR:gpu\command_buffer\service\shared_image\shared_image_manager.cc:386] SharedImageManager::ProduceMemory: Trying to Produce a Memory representation from a non-existent mailbox.
[0814/000337.472:ERROR:gpu\command_buffer\service\shared_image\shared_image_manager.cc:386] SharedImageManager::ProduceMemory: Trying to Produce a Memory representation from a non-existent mailbox.
[0814/000337.472:ERROR:gpu\command_buffer\service\shared_image\shared_image_manager.cc:386] SharedImageManager::ProduceMemory: Trying to Produce a Memory representation from a non-existent mailbox.
[0814/000337.472:ERROR:gpu\command_buffer\service\shared_image\shared_image_manager.cc:386] SharedImageManager::ProduceMemory: Trying to Produce a Memory representation from a non-existent mailbox.
[0814/000337.472:ERROR:gpu\command_buffer\service\shared_image\shared_image_manager.cc:386] SharedImageManager::ProduceMemory: Trying to Produce a Memory representation from a non-existent mailbox.
[0814/000337.771:ERROR:gpu\command_buffer\service\shared_image\shared_image_manager.cc:386] SharedImageManager::ProduceMemory: Trying to Produce a Memory representation from a non-existent mailbox.
[0814/000337.771:ERROR:gpu\command_buffer\service\shared_image\shared_image_manager.cc:386] SharedImageManager::ProduceMemory: Trying to Produce a Memory representation from a non-existent mailbox.
[0814/000337.771:ERROR:gpu\command_buffer\service\shared_image\shared_image_manager.cc:386] SharedImageManager::ProduceMemory: Trying to Produce a Memory representation from a non-existent mailbox.
[0814/000337.771:ERROR:gpu\command_buffer\service\shared_image\shared_image_manager.cc:386] SharedImageManager::ProduceMemory: Trying to Produce a Memory representation from a non-existent mailbox.
[0814/000337.771:ERROR:gpu\command_buffer\service\shared_image\shared_image_manager.cc:386] SharedImageManager::ProduceMemory: Trying to Produce a Memory representation from a non-existent mailbox.
[0814/000337.771:ERROR:gpu\command_buffer\service\shared_image\shared_image_manager.cc:386] SharedImageManager::ProduceMemory: Trying to Produce a Memory representation from a non-existent mailbox.
[0814/000337.771:ERROR:gpu\command_buffer\service\shared_image\shared_image_manager.cc:386] SharedImageManager::ProduceMemory: Trying to Produce a Memory representation from a non-existent mailbox.
[0814/000337.771:ERROR:gpu\command_buffer\service\shared_image\shared_image_manager.cc:386] SharedImageManager::ProduceMemory: Trying to Produce a Memory representation from a non-existent mailbox.
[0814/000337.776:ERROR:gpu\command_buffer\service\shared_image\shared_image_manager.cc:386] SharedImageManager::ProduceMemory: Trying to Produce a Memory representation from a non-existent mailbox.
[0814/000337.776:ERROR:gpu\command_buffer\service\shared_image\shared_image_manager.cc:386] SharedImageManager::ProduceMemory: Trying to Produce a Memory representation from a non-existent mailbox.
[0814/000337.777:ERROR:gpu\command_buffer\service\shared_image\shared_image_manager.cc:386] SharedImageManager::ProduceMemory: Trying to Produce a Memory representation from a non-existent mailbox.
[0814/000435.983:ERROR:gpu\command_buffer\service\shared_image\shared_image_manager.cc:386] SharedImageManager::ProduceMemory: Trying to Produce a Memory representation from a non-existent mailbox.
[0814/000435.984:ERROR:gpu\command_buffer\service\shared_image\shared_image_manager.cc:386] SharedImageManager::ProduceMemory: Trying to Produce a Memory representation from a non-existent mailbox.
[0814/000435.984:ERROR:gpu\command_buffer\service\shared_image\shared_image_manager.cc:386] SharedImageManager::ProduceMemory: Trying to Produce a Memory representation from a non-existent mailbox.
[0814/000435.984:ERROR:gpu\command_buffer\service\shared_image\shared_image_manager.cc:386] SharedImageManager::ProduceMemory: Trying to Produce a Memory representation from a non-existent mailbox.
[0814/000435.984:ERROR:gpu\command_buffer\service\shared_image\shared_image_manager.cc:386] SharedImageManager::ProduceMemory: Trying to Produce a Memory representation from a non-existent mailbox.
[0814/000435.984:ERROR:gpu\command_buffer\service\shared_image\shared_image_manager.cc:386] SharedImageManager::ProduceMemory: Trying to Produce a Memory representation from a non-existent mailbox.
[0814/000435.984:ERROR:gpu\command_buffer\service\shared_image\shared_image_manager.cc:386] SharedImageManager::ProduceMemory: Trying to Produce a Memory representation from a non-existent mailbox.
[0814/000436.225:ERROR:gpu\command_buffer\service\shared_image\shared_image_manager.cc:386] SharedImageManager::ProduceMemory: Trying to Produce a Memory representation from a non-existent mailbox.
[0814/000436.225:ERROR:gpu\command_buffer\service\shared_image\shared_image_manager.cc:386] SharedImageManager::ProduceMemory: Trying to Produce a Memory representation from a non-existent mailbox.
[0814/000436.226:ERROR:gpu\command_buffer\service\shared_image\shared_image_manager.cc:386] SharedImageManager::ProduceMemory: Trying to Produce a Memory representation from a non-existent mailbox.
[0814/000547.103:ERROR:gpu\command_buffer\service\shared_image\shared_image_manager.cc:386] SharedImageManager::ProduceMemory: Trying to Produce a Memory representation from a non-existent mailbox.
[0814/000547.103:ERROR:gpu\command_buffer\service\shared_image\shared_image_manager.cc:386] SharedImageManager::ProduceMemory: Trying to Produce a Memory representation from a non-existent mailbox.
[0814/000547.104:ERROR:gpu\command_buffer\service\shared_image\shared_image_manager.cc:386] SharedImageManager::ProduceMemory: Trying to Produce a Memory representation from a non-existent mailbox.
[0814/000547.104:ERROR:gpu\command_buffer\service\shared_image\shared_image_manager.cc:386] SharedImageManager::ProduceMemory: Trying to Produce a Memory representation from a non-existent mailbox.
[0814/000547.104:ERROR:gpu\command_buffer\service\shared_image\shared_image_manager.cc:386] SharedImageManager::ProduceMemory: Trying to Produce a Memory representation from a non-existent mailbox.
[0814/000547.104:ERROR:gpu\command_buffer\service\shared_image\shared_image_manager.cc:386] SharedImageManager::ProduceMemory: Trying to Produce a Memory representation from a non-existent mailbox.
[0814/000547.104:ERROR:gpu\command_buffer\service\shared_image\shared_image_manager.cc:386] SharedImageManager::ProduceMemory: Trying to Produce a Memory representation from a non-existent mailbox.
[0814/000547.104:ERROR:gpu\command_buffer\service\shared_image\shared_image_manager.cc:386] SharedImageManager::ProduceMemory: Trying to Produce a Memory representation from a non-existent mailbox.
[0814/000547.104:ERROR:gpu\command_buffer\service\shared_image\shared_image_manager.cc:386] SharedImageManager::ProduceMemory: Trying to Produce a Memory representation from a non-existent mailbox.
[0814/000547.104:ERROR:gpu\command_buffer\service\shared_image\shared_image_manager.cc:386] SharedImageManager::ProduceMemory: Trying to Produce a Memory representation from a non-existent mailbox.
[0814/000547.105:ERROR:gpu\command_buffer\service\shared_image\shared_image_manager.cc:386] SharedImageManager::ProduceMemory: Trying to Produce a Memory representation from a non-existent mailbox.
[0814/000547.105:ERROR:gpu\command_buffer\service\shared_image\shared_image_manager.cc:386] SharedImageManager::ProduceMemory: Trying to Produce a Memory representation from a non-existent mailbox.
[0814/000547.105:ERROR:gpu\command_buffer\service\shared_image\shared_image_manager.cc:386] SharedImageManager::ProduceMemory: Trying to Produce a Memory representation from a non-existent mailbox.
[0814/000547.105:ERROR:gpu\command_buffer\service\shared_image\shared_image_manager.cc:386] SharedImageManager::ProduceMemory: Trying to Produce a Memory representation from a non-existent mailbox.
[0814/000547.105:ERROR:gpu\command_buffer\service\shared_image\shared_image_manager.cc:386] SharedImageManager::ProduceMemory: Trying to Produce a Memory representation from a non-existent mailbox.
[0814/000547.105:ERROR:gpu\command_buffer\service\shared_image\shared_image_manager.cc:386] SharedImageManager::ProduceMemory: Trying to Produce a Memory representation from a non-existent mailbox.
[0814/000547.105:ERROR:gpu\command_buffer\service\shared_image\shared_image_manager.cc:386] SharedImageManager::ProduceMemory: Trying to Produce a Memory representation from a non-existent mailbox.
[0814/000547.105:ERROR:gpu\command_buffer\service\shared_image\shared_image_manager.cc:386] SharedImageManager::ProduceMemory: Trying to Produce a Memory representation from a non-existent mailbox.
[0814/000547.105:ERROR:gpu\command_buffer\service\shared_image\shared_image_manager.cc:386] SharedImageManager::ProduceMemory: Trying to Produce a Memory representation from a non-existent mailbox.
[0814/000547.105:ERROR:gpu\command_buffer\service\shared_image\shared_image_manager.cc:386] SharedImageManager::ProduceMemory: Trying to Produce a Memory representation from a non-existent mailbox.
[0814/000547.105:ERROR:gpu\command_buffer\service\shared_image\shared_image_manager.cc:386] SharedImageManager::ProduceMemory: Trying to Produce a Memory representation from a non-existent mailbox.
[0814/000547.105:ERROR:gpu\command_buffer\service\shared_image\shared_image_manager.cc:386] SharedImageManager::ProduceMemory: Trying to Produce a Memory representation from a non-existent mailbox.
[0814/000547.105:ERROR:gpu\command_buffer\service\shared_image\shared_image_manager.cc:386] SharedImageManager::ProduceMemory: Trying to Produce a Memory representation from a non-existent mailbox.
[0814/000547.105:ERROR:gpu\command_buffer\service\shared_image\shared_image_manager.cc:386] SharedImageManager::ProduceMemory: Trying to Produce a Memory representation from a non-existent mailbox.
[0814/000547.105:ERROR:gpu\command_buffer\service\shared_image\shared_image_manager.cc:386] SharedImageManager::ProduceMemory: Trying to Produce a Memory representation from a non-existent mailbox.
[0814/000547.105:ERROR:gpu\command_buffer\service\shared_image\shared_image_manager.cc:386] SharedImageManager::ProduceMemory: Trying to Produce a Memory representation from a non-existent mailbox.
[0814/000547.105:ERROR:gpu\command_buffer\service\shared_image\shared_image_manager.cc:386] SharedImageManager::ProduceMemory: Trying to Produce a Memory representation from a non-existent mailbox.
[0814/000547.105:ERROR:gpu\command_buffer\service\shared_image\shared_image_manager.cc:386] SharedImageManager::ProduceMemory: Trying to Produce a Memory representation from a non-existent mailbox.
[0814/000547.105:ERROR:gpu\command_buffer\service\shared_image\shared_image_manager.cc:386] SharedImageManager::ProduceMemory: Trying to Produce a Memory representation from a non-existent mailbox.
[0814/000547.105:ERROR:gpu\command_buffer\service\shared_image\shared_image_manager.cc:386] SharedImageManager::ProduceMemory: Trying to Produce a Memory representation from a non-existent mailbox.
[0814/000547.381:ERROR:gpu\command_buffer\service\shared_image\shared_image_manager.cc:386] SharedImageManager::ProduceMemory: Trying to Produce a Memory representation from a non-existent mailbox.
[0814/000547.381:ERROR:gpu\command_buffer\service\shared_image\shared_image_manager.cc:386] SharedImageManager::ProduceMemory: Trying to Produce a Memory representation from a non-existent mailbox.
[0814/000547.381:ERROR:gpu\command_buffer\service\shared_image\shared_image_manager.cc:386] SharedImageManager::ProduceMemory: Trying to Produce a Memory representation from a non-existent mailbox.
[0814/000609.498:ERROR:gpu\command_buffer\service\shared_image\shared_image_manager.cc:386] SharedImageManager::ProduceMemory: Trying to Produce a Memory representation from a non-existent mailbox.
[0814/000609.499:ERROR:gpu\command_buffer\service\shared_image\shared_image_manager.cc:386] SharedImageManager::ProduceMemory: Trying to Produce a Memory representation from a non-existent mailbox.
[0814/000609.499:ERROR:gpu\command_buffer\service\shared_image\shared_image_manager.cc:386] SharedImageManager::ProduceMemory: Trying to Produce a Memory representation from a non-existent mailbox.
[0814/000609.499:ERROR:gpu\command_buffer\service\shared_image\shared_image_manager.cc:386] SharedImageManager::ProduceMemory: Trying to Produce a Memory representation from a non-existent mailbox.
[0814/000655.202:ERROR:gpu\command_buffer\service\shared_image\shared_image_manager.cc:386] SharedImageManager::ProduceMemory: Trying to Produce a Memory representation from a non-existent mailbox.
[0814/000655.203:ERROR:gpu\command_buffer\service\shared_image\shared_image_manager.cc:386] SharedImageManager::ProduceMemory: Trying to Produce a Memory representation from a non-existent mailbox.
[0814/000655.203:ERROR:gpu\command_buffer\service\shared_image\shared_image_manager.cc:386] SharedImageManager::ProduceMemory: Trying to Produce a Memory representation from a non-existent mailbox.
[0814/000655.208:ERROR:gpu\command_buffer\service\shared_image\shared_image_manager.cc:386] SharedImageManager::ProduceMemory: Trying to Produce a Memory representation from a non-existent mailbox.
[0814/000655.208:ERROR:gpu\command_buffer\service\shared_image\shared_image_manager.cc:386] SharedImageManager::ProduceMemory: Trying to Produce a Memory representation from a non-existent mailbox.
[0814/000655.209:ERROR:gpu\command_buffer\service\shared_image\shared_image_manager.cc:386] SharedImageManager::ProduceMemory: Trying to Produce a Memory representation from a non-existent mailbox.
[0814/000711.455:ERROR:gpu\command_buffer\service\shared_image\shared_image_manager.cc:386] SharedImageManager::ProduceMemory: Trying to Produce a Memory representation from a non-existent mailbox.
[0814/000711.455:ERROR:gpu\command_buffer\service\shared_image\shared_image_manager.cc:386] SharedImageManager::ProduceMemory: Trying to Produce a Memory representation from a non-existent mailbox.
[0814/000711.455:ERROR:gpu\command_buffer\service\shared_image\shared_image_manager.cc:386] SharedImageManager::ProduceMemory: Trying to Produce a Memory representation from a non-existent mailbox.
[0814/000711.456:ERROR:gpu\command_buffer\service\shared_image\shared_image_manager.cc:386] SharedImageManager::ProduceMemory: Trying to Produce a Memory representation from a non-existent mailbox.
[0814/000711.456:ERROR:gpu\command_buffer\service\shared_image\shared_image_manager.cc:386] SharedImageManager::ProduceMemory: Trying to Produce a Memory representation from a non-existent mailbox.
[0814/000711.456:ERROR:gpu\command_buffer\service\shared_image\shared_image_manager.cc:386] SharedImageManager::ProduceMemory: Trying to Produce a Memory representation from a non-existent mailbox.
[0814/000711.456:ERROR:gpu\command_buffer\service\shared_image\shared_image_manager.cc:386] SharedImageManager::ProduceMemory: Trying to Produce a Memory representation from a non-existent mailbox.
[0814/000711.456:ERROR:gpu\command_buffer\service\shared_image\shared_image_manager.cc:386] SharedImageManager::ProduceMemory: Trying to Produce a Memory representation from a non-existent mailbox.
[0814/000711.456:ERROR:gpu\command_buffer\service\shared_image\shared_image_manager.cc:386] SharedImageManager::ProduceMemory: Trying to Produce a Memory representation from a non-existent mailbox.
[0814/000711.456:ERROR:gpu\command_buffer\service\shared_image\shared_image_manager.cc:386] SharedImageManager::ProduceMemory: Trying to Produce a Memory representation from a non-existent mailbox.
[0814/000711.456:ERROR:gpu\command_buffer\service\shared_image\shared_image_manager.cc:386] SharedImageManager::ProduceMemory: Trying to Produce a Memory representation from a non-existent mailbox.
[0814/000711.456:ERROR:gpu\command_buffer\service\shared_image\shared_image_manager.cc:386] SharedImageManager::ProduceMemory: Trying to Produce a Memory representation from a non-existent mailbox.
[0814/000711.456:ERROR:gpu\command_buffer\service\shared_image\shared_image_manager.cc:386] SharedImageManager::ProduceMemory: Trying to Produce a Memory representation from a non-existent mailbox.
[0814/000711.456:ERROR:gpu\command_buffer\service\shared_image\shared_image_manager.cc:386] SharedImageManager::ProduceMemory: Trying to Produce a Memory representation from a non-existent mailbox.
[0814/000711.456:ERROR:gpu\command_buffer\service\shared_image\shared_image_manager.cc:386] SharedImageManager::ProduceMemory: Trying to Produce a Memory representation from a non-existent mailbox.
[0814/000735.324:ERROR:gpu\command_buffer\service\shared_image\shared_image_manager.cc:386] SharedImageManager::ProduceMemory: Trying to Produce a Memory representation from a non-existent mailbox.
[0814/000735.324:ERROR:gpu\command_buffer\service\shared_image\shared_image_manager.cc:386] SharedImageManager::ProduceMemory: Trying to Produce a Memory representation from a non-existent mailbox.
[0814/000735.324:ERROR:gpu\command_buffer\service\shared_image\shared_image_manager.cc:386] SharedImageManager::ProduceMemory: Trying to Produce a Memory representation from a non-existent mailbox.
[0814/000735.324:ERROR:gpu\command_buffer\service\shared_image\shared_image_manager.cc:386] SharedImageManager::ProduceMemory: Trying to Produce a Memory representation from a non-existent mailbox.
[0814/000735.324:ERROR:gpu\command_buffer\service\shared_image\shared_image_manager.cc:386] SharedImageManager::ProduceMemory: Trying to Produce a Memory representation from a non-existent mailbox.
[0814/000735.324:ERROR:gpu\command_buffer\service\shared_image\shared_image_manager.cc:386] SharedImageManager::ProduceMemory: Trying to Produce a Memory representation from a non-existent mailbox.
[0814/000735.655:ERROR:gpu\command_buffer\service\shared_image\shared_image_manager.cc:386] SharedImageManager::ProduceMemory: Trying to Produce a Memory representation from a non-existent mailbox.
[0814/000735.655:ERROR:gpu\command_buffer\service\shared_image\shared_image_manager.cc:386] SharedImageManager::ProduceMemory: Trying to Produce a Memory representation from a non-existent mailbox.
[0814/000735.656:ERROR:gpu\command_buffer\service\shared_image\shared_image_manager.cc:386] SharedImageManager::ProduceMemory: Trying to Produce a Memory representation from a non-existent mailbox.
[0814/000738.976:ERROR:gpu\command_buffer\service\shared_image\shared_image_manager.cc:386] SharedImageManager::ProduceMemory: Trying to Produce a Memory representation from a non-existent mailbox.
[0814/000738.977:ERROR:gpu\command_buffer\service\shared_image\shared_image_manager.cc:386] SharedImageManager::ProduceMemory: Trying to Produce a Memory representation from a non-existent mailbox.
[0814/000738.977:ERROR:gpu\command_buffer\service\shared_image\shared_image_manager.cc:386] SharedImageManager::ProduceMemory: Trying to Produce a Memory representation from a non-existent mailbox.
[0814/000738.977:ERROR:gpu\command_buffer\service\shared_image\shared_image_manager.cc:386] SharedImageManager::ProduceMemory: Trying to Produce a Memory representation from a non-existent mailbox.
[0814/000738.977:ERROR:gpu\command_buffer\service\shared_image\shared_image_manager.cc:386] SharedImageManager::ProduceMemory: Trying to Produce a Memory representation from a non-existent mailbox.
[0814/000738.977:ERROR:gpu\command_buffer\service\shared_image\shared_image_manager.cc:386] SharedImageManager::ProduceMemory: Trying to Produce a Memory representation from a non-existent mailbox.
[0814/000738.977:ERROR:gpu\command_buffer\service\shared_image\shared_image_manager.cc:386] SharedImageManager::ProduceMemory: Trying to Produce a Memory representation from a non-existent mailbox.
[0814/000738.977:ERROR:gpu\command_buffer\service\shared_image\shared_image_manager.cc:386] SharedImageManager::ProduceMemory: Trying to Produce a Memory representation from a non-existent mailbox.
[0814/000742.946:ERROR:gpu\command_buffer\service\shared_image\shared_image_manager.cc:386] SharedImageManager::ProduceMemory: Trying to Produce a Memory representation from a non-existent mailbox.
[0814/000742.946:ERROR:gpu\command_buffer\service\shared_image\shared_image_manager.cc:386] SharedImageManager::ProduceMemory: Trying to Produce a Memory representation from a non-existent mailbox.
[0814/000742.946:ERROR:gpu\command_buffer\service\shared_image\shared_image_manager.cc:386] SharedImageManager::ProduceMemory: Trying to Produce a Memory representation from a non-existent mailbox.
[0814/000742.946:ERROR:gpu\command_buffer\service\shared_image\shared_image_manager.cc:386] SharedImageManager::ProduceMemory: Trying to Produce a Memory representation from a non-existent mailbox.
[0814/000742.946:ERROR:gpu\command_buffer\service\shared_image\shared_image_manager.cc:386] SharedImageManager::ProduceMemory: Trying to Produce a Memory representation from a non-existent mailbox.
[0814/000742.947:ERROR:gpu\command_buffer\service\shared_image\shared_image_manager.cc:386] SharedImageManager::ProduceMemory: Trying to Produce a Memory representation from a non-existent mailbox.
[0814/000742.947:ERROR:gpu\command_buffer\service\shared_image\shared_image_manager.cc:386] SharedImageManager::ProduceMemory: Trying to Produce a Memory representation from a non-existent mailbox.
[0814/000742.947:ERROR:gpu\command_buffer\service\shared_image\shared_image_manager.cc:386] SharedImageManager::ProduceMemory: Trying to Produce a Memory representation from a non-existent mailbox.
[0814/000742.947:ERROR:gpu\command_buffer\service\shared_image\shared_image_manager.cc:386] SharedImageManager::ProduceMemory: Trying to Produce a Memory representation from a non-existent mailbox.
[0814/000743.255:ERROR:gpu\command_buffer\service\shared_image\shared_image_manager.cc:386] SharedImageManager::ProduceMemory: Trying to Produce a Memory representation from a non-existent mailbox.
[0814/000743.255:ERROR:gpu\command_buffer\service\shared_image\shared_image_manager.cc:386] SharedImageManager::ProduceMemory: Trying to Produce a Memory representation from a non-existent mailbox.
[0814/000743.255:ERROR:gpu\command_buffer\service\shared_image\shared_image_manager.cc:386] SharedImageManager::ProduceMemory: Trying to Produce a Memory representation from a non-existent mailbox.
[0814/000819.520:ERROR:gpu\command_buffer\service\shared_image\shared_image_manager.cc:386] SharedImageManager::ProduceMemory: Trying to Produce a Memory representation from a non-existent mailbox.
[0814/000819.520:ERROR:gpu\command_buffer\service\shared_image\shared_image_manager.cc:386] SharedImageManager::ProduceMemory: Trying to Produce a Memory representation from a non-existent mailbox.
[0814/000819.521:ERROR:gpu\command_buffer\service\shared_image\shared_image_manager.cc:386] SharedImageManager::ProduceMemory: Trying to Produce a Memory representation from a non-existent mailbox.
[0814/000917.251:ERROR:gpu\command_buffer\service\shared_image\shared_image_manager.cc:386] SharedImageManager::ProduceMemory: Trying to Produce a Memory representation from a non-existent mailbox.
[0814/000917.251:ERROR:gpu\command_buffer\service\shared_image\shared_image_manager.cc:386] SharedImageManager::ProduceMemory: Trying to Produce a Memory representation from a non-existent mailbox.
[0814/000917.535:ERROR:gpu\command_buffer\service\shared_image\shared_image_manager.cc:386] SharedImageManager::ProduceMemory: Trying to Produce a Memory representation from a non-existent mailbox.
[0814/000917.535:ERROR:gpu\command_buffer\service\shared_image\shared_image_manager.cc:386] SharedImageManager::ProduceMemory: Trying to Produce a Memory representation from a non-existent mailbox.
[0814/000917.536:ERROR:gpu\command_buffer\service\shared_image\shared_image_manager.cc:386] SharedImageManager::ProduceMemory: Trying to Produce a Memory representation from a non-existent mailbox.
[0814/000953.659:ERROR:gpu\command_buffer\service\shared_image\shared_image_manager.cc:386] SharedImageManager::ProduceMemory: Trying to Produce a Memory representation from a non-existent mailbox.
[0814/000953.660:ERROR:gpu\command_buffer\service\shared_image\shared_image_manager.cc:386] SharedImageManager::ProduceMemory: Trying to Produce a Memory representation from a non-existent mailbox.
[0814/000953.660:ERROR:gpu\command_buffer\service\shared_image\shared_image_manager.cc:386] SharedImageManager::ProduceMemory: Trying to Produce a Memory representation from a non-existent mailbox.
[0814/000953.660:ERROR:gpu\command_buffer\service\shared_image\shared_image_manager.cc:386] SharedImageManager::ProduceMemory: Trying to Produce a Memory representation from a non-existent mailbox.
[0814/000953.660:ERROR:gpu\command_buffer\service\shared_image\shared_image_manager.cc:386] SharedImageManager::ProduceMemory: Trying to Produce a Memory representation from a non-existent mailbox.
[0814/000953.660:ERROR:gpu\command_buffer\service\shared_image\shared_image_manager.cc:386] SharedImageManager::ProduceMemory: Trying to Produce a Memory representation from a non-existent mailbox.
[0814/000953.786:ERROR:gpu\command_buffer\service\shared_image\shared_image_manager.cc:386] SharedImageManager::ProduceMemory: Trying to Produce a Memory representation from a non-existent mailbox.
[0814/000953.786:ERROR:gpu\command_buffer\service\shared_image\shared_image_manager.cc:386] SharedImageManager::ProduceMemory: Trying to Produce a Memory representation from a non-existent mailbox.
[0814/000953.786:ERROR:gpu\command_buffer\service\shared_image\shared_image_manager.cc:386] SharedImageManager::ProduceMemory: Trying to Produce a Memory representation from a non-existent mailbox.
[0814/000953.786:ERROR:gpu\command_buffer\service\shared_image\shared_image_manager.cc:386] SharedImageManager::ProduceMemory: Trying to Produce a Memory representation from a non-existent mailbox.
[0814/000953.786:ERROR:gpu\command_buffer\service\shared_image\shared_image_manager.cc:386] SharedImageManager::ProduceMemory: Trying to Produce a Memory representation from a non-existent mailbox.
[0814/000953.786:ERROR:gpu\command_buffer\service\shared_image\shared_image_manager.cc:386] SharedImageManager::ProduceMemory: Trying to Produce a Memory representation from a non-existent mailbox.
[0814/000953.786:ERROR:gpu\command_buffer\service\shared_image\shared_image_manager.cc:386] SharedImageManager::ProduceMemory: Trying to Produce a Memory representation from a non-existent mailbox.
[0814/000953.786:ERROR:gpu\command_buffer\service\shared_image\shared_image_manager.cc:386] SharedImageManager::ProduceMemory: Trying to Produce a Memory representation from a non-existent mailbox.
[0814/000953.786:ERROR:gpu\command_buffer\service\shared_image\shared_image_manager.cc:386] SharedImageManager::ProduceMemory: Trying to Produce a Memory representation from a non-existent mailbox.
[0814/000953.786:ERROR:gpu\command_buffer\service\shared_image\shared_image_manager.cc:386] SharedImageManager::ProduceMemory: Trying to Produce a Memory representation from a non-existent mailbox.
[0814/000953.786:ERROR:gpu\command_buffer\service\shared_image\shared_image_manager.cc:386] SharedImageManager::ProduceMemory: Trying to Produce a Memory representation from a non-existent mailbox.
[0814/000953.788:ERROR:gpu\command_buffer\service\shared_image\shared_image_manager.cc:386] SharedImageManager::ProduceMemory: Trying to Produce a Memory representation from a non-existent mailbox.
[0814/000953.789:ERROR:gpu\command_buffer\service\shared_image\shared_image_manager.cc:386] SharedImageManager::ProduceMemory: Trying to Produce a Memory representation from a non-existent mailbox.
[0814/000953.789:ERROR:gpu\command_buffer\service\shared_image\shared_image_manager.cc:386] SharedImageManager::ProduceMemory: Trying to Produce a Memory representation from a non-existent mailbox.
[0814/000953.920:ERROR:gpu\command_buffer\service\shared_image\shared_image_manager.cc:386] SharedImageManager::ProduceMemory: Trying to Produce a Memory representation from a non-existent mailbox.
[0814/000953.920:ERROR:gpu\command_buffer\service\shared_image\shared_image_manager.cc:386] SharedImageManager::ProduceMemory: Trying to Produce a Memory representation from a non-existent mailbox.
[0814/000953.921:ERROR:gpu\command_buffer\service\shared_image\shared_image_manager.cc:386] SharedImageManager::ProduceMemory: Trying to Produce a Memory representation from a non-existent mailbox.
[0814/001622.250:ERROR:gpu\command_buffer\service\shared_image\shared_image_manager.cc:386] SharedImageManager::ProduceMemory: Trying to Produce a Memory representation from a non-existent mailbox.
[0814/001622.250:ERROR:gpu\command_buffer\service\shared_image\shared_image_manager.cc:386] SharedImageManager::ProduceMemory: Trying to Produce a Memory representation from a non-existent mailbox.
[0814/001622.250:ERROR:gpu\command_buffer\service\shared_image\shared_image_manager.cc:386] SharedImageManager::ProduceMemory: Trying to Produce a Memory representation from a non-existent mailbox.
[0814/001622.250:ERROR:gpu\command_buffer\service\shared_image\shared_image_manager.cc:386] SharedImageManager::ProduceMemory: Trying to Produce a Memory representation from a non-existent mailbox.
[0814/001622.250:ERROR:gpu\command_buffer\service\shared_image\shared_image_manager.cc:386] SharedImageManager::ProduceMemory: Trying to Produce a Memory representation from a non-existent mailbox.
[0814/001622.250:ERROR:gpu\command_buffer\service\shared_image\shared_image_manager.cc:386] SharedImageManager::ProduceMemory: Trying to Produce a Memory representation from a non-existent mailbox.
[0814/001622.250:ERROR:gpu\command_buffer\service\shared_image\shared_image_manager.cc:386] SharedImageManager::ProduceMemory: Trying to Produce a Memory representation from a non-existent mailbox.
[0814/001622.250:ERROR:gpu\command_buffer\service\shared_image\shared_image_manager.cc:386] SharedImageManager::ProduceMemory: Trying to Produce a Memory representation from a non-existent mailbox.
[0814/001625.826:ERROR:gpu\command_buffer\service\shared_image\shared_image_manager.cc:386] SharedImageManager::ProduceMemory: Trying to Produce a Memory representation from a non-existent mailbox.
[0814/001625.826:ERROR:gpu\command_buffer\service\shared_image\shared_image_manager.cc:386] SharedImageManager::ProduceMemory: Trying to Produce a Memory representation from a non-existent mailbox.
[0814/001625.826:ERROR:gpu\command_buffer\service\shared_image\shared_image_manager.cc:386] SharedImageManager::ProduceMemory: Trying to Produce a Memory representation from a non-existent mailbox.
[0814/001625.826:ERROR:gpu\command_buffer\service\shared_image\shared_image_manager.cc:386] SharedImageManager::ProduceMemory: Trying to Produce a Memory representation from a non-existent mailbox.
[0814/001625.826:ERROR:gpu\command_buffer\service\shared_image\shared_image_manager.cc:386] SharedImageManager::ProduceMemory: Trying to Produce a Memory representation from a non-existent mailbox.
[0814/001625.826:ERROR:gpu\command_buffer\service\shared_image\shared_image_manager.cc:386] SharedImageManager::ProduceMemory: Trying to Produce a Memory representation from a non-existent mailbox.
[0814/001625.826:ERROR:gpu\command_buffer\service\shared_image\shared_image_manager.cc:386] SharedImageManager::ProduceMemory: Trying to Produce a Memory representation from a non-existent mailbox.
[0814/001625.826:ERROR:gpu\command_buffer\service\shared_image\shared_image_manager.cc:386] SharedImageManager::ProduceMemory: Trying to Produce a Memory representation from a non-existent mailbox.
[0814/001625.826:ERROR:gpu\command_buffer\service\shared_image\shared_image_manager.cc:386] SharedImageManager::ProduceMemory: Trying to Produce a Memory representation from a non-existent mailbox.
[0814/001625.826:ERROR:gpu\command_buffer\service\shared_image\shared_image_manager.cc:386] SharedImageManager::ProduceMemory: Trying to Produce a Memory representation from a non-existent mailbox.
[0814/001625.826:ERROR:gpu\command_buffer\service\shared_image\shared_image_manager.cc:386] SharedImageManager::ProduceMemory: Trying to Produce a Memory representation from a non-existent mailbox.
[0814/001625.826:ERROR:gpu\command_buffer\service\shared_image\shared_image_manager.cc:386] SharedImageManager::ProduceMemory: Trying to Produce a Memory representation from a non-existent mailbox.
[0814/001625.826:ERROR:gpu\command_buffer\service\shared_image\shared_image_manager.cc:386] SharedImageManager::ProduceMemory: Trying to Produce a Memory representation from a non-existent mailbox.
[0814/001625.826:ERROR:gpu\command_buffer\service\shared_image\shared_image_manager.cc:386] SharedImageManager::ProduceMemory: Trying to Produce a Memory representation from a non-existent mailbox.
[0814/001625.826:ERROR:gpu\command_buffer\service\shared_image\shared_image_manager.cc:386] SharedImageManager::ProduceMemory: Trying to Produce a Memory representation from a non-existent mailbox.
[0814/001626.095:ERROR:gpu\command_buffer\service\shared_image\shared_image_manager.cc:386] SharedImageManager::ProduceMemory: Trying to Produce a Memory representation from a non-existent mailbox.
[0814/001626.100:ERROR:gpu\command_buffer\service\shared_image\shared_image_manager.cc:386] SharedImageManager::ProduceMemory: Trying to Produce a Memory representation from a non-existent mailbox.
[0814/001626.100:ERROR:gpu\command_buffer\service\shared_image\shared_image_manager.cc:386] SharedImageManager::ProduceMemory: Trying to Produce a Memory representation from a non-existent mailbox.
[0814/001626.102:ERROR:gpu\command_buffer\service\shared_image\shared_image_manager.cc:386] SharedImageManager::ProduceMemory: Trying to Produce a Memory representation from a non-existent mailbox.
[0814/001822.767:ERROR:gpu\command_buffer\service\shared_image\shared_image_manager.cc:386] SharedImageManager::ProduceMemory: Trying to Produce a Memory representation from a non-existent mailbox.
[0814/001822.768:ERROR:gpu\command_buffer\service\shared_image\shared_image_manager.cc:386] SharedImageManager::ProduceMemory: Trying to Produce a Memory representation from a non-existent mailbox.
[0814/001822.768:ERROR:gpu\command_buffer\service\shared_image\shared_image_manager.cc:386] SharedImageManager::ProduceMemory: Trying to Produce a Memory representation from a non-existent mailbox.
[0814/001822.768:ERROR:gpu\command_buffer\service\shared_image\shared_image_manager.cc:386] SharedImageManager::ProduceMemory: Trying to Produce a Memory representation from a non-existent mailbox.
[0814/001822.768:ERROR:gpu\command_buffer\service\shared_image\shared_image_manager.cc:386] SharedImageManager::ProduceMemory: Trying to Produce a Memory representation from a non-existent mailbox.
[0814/001822.768:ERROR:gpu\command_buffer\service\shared_image\shared_image_manager.cc:386] SharedImageManager::ProduceMemory: Trying to Produce a Memory representation from a non-existent mailbox.
[0814/001822.768:ERROR:gpu\command_buffer\service\shared_image\shared_image_manager.cc:386] SharedImageManager::ProduceMemory: Trying to Produce a Memory representation from a non-existent mailbox.
[0814/001822.768:ERROR:gpu\command_buffer\service\shared_image\shared_image_manager.cc:386] SharedImageManager::ProduceMemory: Trying to Produce a Memory representation from a non-existent mailbox.
[0814/001822.768:ERROR:gpu\command_buffer\service\shared_image\shared_image_manager.cc:386] SharedImageManager::ProduceMemory: Trying to Produce a Memory representation from a non-existent mailbox.
[0814/001822.768:ERROR:gpu\command_buffer\service\shared_image\shared_image_manager.cc:386] SharedImageManager::ProduceMemory: Trying to Produce a Memory representation from a non-existent mailbox.
[0814/001822.768:ERROR:gpu\command_buffer\service\shared_image\shared_image_manager.cc:386] SharedImageManager::ProduceMemory: Trying to Produce a Memory representation from a non-existent mailbox.
[0814/001822.768:ERROR:gpu\command_buffer\service\shared_image\shared_image_manager.cc:386] SharedImageManager::ProduceMemory: Trying to Produce a Memory representation from a non-existent mailbox.
[0814/001822.768:ERROR:gpu\command_buffer\service\shared_image\shared_image_manager.cc:386] SharedImageManager::ProduceMemory: Trying to Produce a Memory representation from a non-existent mailbox.
[0814/001822.768:ERROR:gpu\command_buffer\service\shared_image\shared_image_manager.cc:386] SharedImageManager::ProduceMemory: Trying to Produce a Memory representation from a non-existent mailbox.
[0814/001822.768:ERROR:gpu\command_buffer\service\shared_image\shared_image_manager.cc:386] SharedImageManager::ProduceMemory: Trying to Produce a Memory representation from a non-existent mailbox.
[0814/001822.768:ERROR:gpu\command_buffer\service\shared_image\shared_image_manager.cc:386] SharedImageManager::ProduceMemory: Trying to Produce a Memory representation from a non-existent mailbox.
[0814/001822.768:ERROR:gpu\command_buffer\service\shared_image\shared_image_manager.cc:386] SharedImageManager::ProduceMemory: Trying to Produce a Memory representation from a non-existent mailbox.
[0814/001822.768:ERROR:gpu\command_buffer\service\shared_image\shared_image_manager.cc:386] SharedImageManager::ProduceMemory: Trying to Produce a Memory representation from a non-existent mailbox.
[0814/001822.768:ERROR:gpu\command_buffer\service\shared_image\shared_image_manager.cc:386] SharedImageManager::ProduceMemory: Trying to Produce a Memory representation from a non-existent mailbox.
[0814/001822.768:ERROR:gpu\command_buffer\service\shared_image\shared_image_manager.cc:386] SharedImageManager::ProduceMemory: Trying to Produce a Memory representation from a non-existent mailbox.
[0814/001822.768:ERROR:gpu\command_buffer\service\shared_image\shared_image_manager.cc:386] SharedImageManager::ProduceMemory: Trying to Produce a Memory representation from a non-existent mailbox.
[0814/001822.768:ERROR:gpu\command_buffer\service\shared_image\shared_image_manager.cc:386] SharedImageManager::ProduceMemory: Trying to Produce a Memory representation from a non-existent mailbox.
[0814/001822.768:ERROR:gpu\command_buffer\service\shared_image\shared_image_manager.cc:386] SharedImageManager::ProduceMemory: Trying to Produce a Memory representation from a non-existent mailbox.
[0814/001836.928:ERROR:gpu\command_buffer\service\shared_image\shared_image_manager.cc:386] SharedImageManager::ProduceMemory: Trying to Produce a Memory representation from a non-existent mailbox.
[0814/001836.929:ERROR:gpu\command_buffer\service\shared_image\shared_image_manager.cc:386] SharedImageManager::ProduceMemory: Trying to Produce a Memory representation from a non-existent mailbox.
[0814/001836.930:ERROR:gpu\command_buffer\service\shared_image\shared_image_manager.cc:386] SharedImageManager::ProduceMemory: Trying to Produce a Memory representation from a non-existent mailbox.
[0814/001909.401:ERROR:gpu\command_buffer\service\shared_image\shared_image_manager.cc:386] SharedImageManager::ProduceMemory: Trying to Produce a Memory representation from a non-existent mailbox.
[0814/001909.402:ERROR:gpu\command_buffer\service\shared_image\shared_image_manager.cc:386] SharedImageManager::ProduceMemory: Trying to Produce a Memory representation from a non-existent mailbox.
[0814/001909.403:ERROR:gpu\command_buffer\service\shared_image\shared_image_manager.cc:386] SharedImageManager::ProduceMemory: Trying to Produce a Memory representation from a non-existent mailbox.
[0814/002015.075:ERROR:gpu\command_buffer\service\shared_image\shared_image_manager.cc:386] SharedImageManager::ProduceMemory: Trying to Produce a Memory representation from a non-existent mailbox.
[0814/002015.077:ERROR:gpu\command_buffer\service\shared_image\shared_image_manager.cc:386] SharedImageManager::ProduceMemory: Trying to Produce a Memory representation from a non-existent mailbox.
[0814/002015.078:ERROR:gpu\command_buffer\service\shared_image\shared_image_manager.cc:386] SharedImageManager::ProduceMemory: Trying to Produce a Memory representation from a non-existent mailbox.
[0814/002015.078:ERROR:gpu\command_buffer\service\shared_image\shared_image_manager.cc:386] SharedImageManager::ProduceMemory: Trying to Produce a Memory representation from a non-existent mailbox.
[0814/002015.204:ERROR:gpu\command_buffer\service\shared_image\shared_image_manager.cc:386] SharedImageManager::ProduceMemory: Trying to Produce a Memory representation from a non-existent mailbox.
[0814/002015.204:ERROR:gpu\command_buffer\service\shared_image\shared_image_manager.cc:386] SharedImageManager::ProduceMemory: Trying to Produce a Memory representation from a non-existent mailbox.
[0814/002015.205:ERROR:gpu\command_buffer\service\shared_image\shared_image_manager.cc:386] SharedImageManager::ProduceMemory: Trying to Produce a Memory representation from a non-existent mailbox.
[0814/002041.509:ERROR:gpu\command_buffer\service\shared_image\shared_image_manager.cc:386] SharedImageManager::ProduceMemory: Trying to Produce a Memory representation from a non-existent mailbox.
[0814/002041.509:ERROR:gpu\command_buffer\service\shared_image\shared_image_manager.cc:386] SharedImageManager::ProduceMemory: Trying to Produce a Memory representation from a non-existent mailbox.
[0814/002041.510:ERROR:gpu\command_buffer\service\shared_image\shared_image_manager.cc:386] SharedImageManager::ProduceMemory: Trying to Produce a Memory representation from a non-existent mailbox.
[0814/002041.510:ERROR:gpu\command_buffer\service\shared_image\shared_image_manager.cc:386] SharedImageManager::ProduceMemory: Trying to Produce a Memory representation from a non-existent mailbox.
[0814/002041.510:ERROR:gpu\command_buffer\service\shared_image\shared_image_manager.cc:386] SharedImageManager::ProduceMemory: Trying to Produce a Memory representation from a non-existent mailbox.
[0814/002041.510:ERROR:gpu\command_buffer\service\shared_image\shared_image_manager.cc:386] SharedImageManager::ProduceMemory: Trying to Produce a Memory representation from a non-existent mailbox.
[0814/002041.510:ERROR:gpu\command_buffer\service\shared_image\shared_image_manager.cc:386] SharedImageManager::ProduceMemory: Trying to Produce a Memory representation from a non-existent mailbox.
[0814/002041.510:ERROR:gpu\command_buffer\service\shared_image\shared_image_manager.cc:386] SharedImageManager::ProduceMemory: Trying to Produce a Memory representation from a non-existent mailbox.
[0814/002041.510:ERROR:gpu\command_buffer\service\shared_image\shared_image_manager.cc:386] SharedImageManager::ProduceMemory: Trying to Produce a Memory representation from a non-existent mailbox.
[0814/002041.510:ERROR:gpu\command_buffer\service\shared_image\shared_image_manager.cc:386] SharedImageManager::ProduceMemory: Trying to Produce a Memory representation from a non-existent mailbox.
[0814/002041.510:ERROR:gpu\command_buffer\service\shared_image\shared_image_manager.cc:386] SharedImageManager::ProduceMemory: Trying to Produce a Memory representation from a non-existent mailbox.
[0814/002041.510:ERROR:gpu\command_buffer\service\shared_image\shared_image_manager.cc:386] SharedImageManager::ProduceMemory: Trying to Produce a Memory representation from a non-existent mailbox.
[0814/002041.510:ERROR:gpu\command_buffer\service\shared_image\shared_image_manager.cc:386] SharedImageManager::ProduceMemory: Trying to Produce a Memory representation from a non-existent mailbox.
[0814/002041.510:ERROR:gpu\command_buffer\service\shared_image\shared_image_manager.cc:386] SharedImageManager::ProduceMemory: Trying to Produce a Memory representation from a non-existent mailbox.
[0814/002041.510:ERROR:gpu\command_buffer\service\shared_image\shared_image_manager.cc:386] SharedImageManager::ProduceMemory: Trying to Produce a Memory representation from a non-existent mailbox.
[0814/002041.510:ERROR:gpu\command_buffer\service\shared_image\shared_image_manager.cc:386] SharedImageManager::ProduceMemory: Trying to Produce a Memory representation from a non-existent mailbox.
[0814/002041.510:ERROR:gpu\command_buffer\service\shared_image\shared_image_manager.cc:386] SharedImageManager::ProduceMemory: Trying to Produce a Memory representation from a non-existent mailbox.
[0814/002041.510:ERROR:gpu\command_buffer\service\shared_image\shared_image_manager.cc:386] SharedImageManager::ProduceMemory: Trying to Produce a Memory representation from a non-existent mailbox.
[0814/002041.510:ERROR:gpu\command_buffer\service\shared_image\shared_image_manager.cc:386] SharedImageManager::ProduceMemory: Trying to Produce a Memory representation from a non-existent mailbox.
[0814/002041.510:ERROR:gpu\command_buffer\service\shared_image\shared_image_manager.cc:386] SharedImageManager::ProduceMemory: Trying to Produce a Memory representation from a non-existent mailbox.
[0814/002041.510:ERROR:gpu\command_buffer\service\shared_image\shared_image_manager.cc:386] SharedImageManager::ProduceMemory: Trying to Produce a Memory representation from a non-existent mailbox.
[0814/002041.510:ERROR:gpu\command_buffer\service\shared_image\shared_image_manager.cc:386] SharedImageManager::ProduceMemory: Trying to Produce a Memory representation from a non-existent mailbox.
[0814/002221.980:ERROR:gpu\command_buffer\service\shared_image\shared_image_manager.cc:386] SharedImageManager::ProduceMemory: Trying to Produce a Memory representation from a non-existent mailbox.
[0814/002221.980:ERROR:gpu\command_buffer\service\shared_image\shared_image_manager.cc:386] SharedImageManager::ProduceMemory: Trying to Produce a Memory representation from a non-existent mailbox.
[0814/002221.980:ERROR:gpu\command_buffer\service\shared_image\shared_image_manager.cc:386] SharedImageManager::ProduceMemory: Trying to Produce a Memory representation from a non-existent mailbox.
[0814/002221.980:ERROR:gpu\command_buffer\service\shared_image\shared_image_manager.cc:386] SharedImageManager::ProduceMemory: Trying to Produce a Memory representation from a non-existent mailbox.
[0814/002221.980:ERROR:gpu\command_buffer\service\shared_image\shared_image_manager.cc:386] SharedImageManager::ProduceMemory: Trying to Produce a Memory representation from a non-existent mailbox.
[0814/002221.980:ERROR:gpu\command_buffer\service\shared_image\shared_image_manager.cc:386] SharedImageManager::ProduceMemory: Trying to Produce a Memory representation from a non-existent mailbox.
[0814/002221.980:ERROR:gpu\command_buffer\service\shared_image\shared_image_manager.cc:386] SharedImageManager::ProduceMemory: Trying to Produce a Memory representation from a non-existent mailbox.
[0814/002221.980:ERROR:gpu\command_buffer\service\shared_image\shared_image_manager.cc:386] SharedImageManager::ProduceMemory: Trying to Produce a Memory representation from a non-existent mailbox.
[0814/002221.980:ERROR:gpu\command_buffer\service\shared_image\shared_image_manager.cc:386] SharedImageManager::ProduceMemory: Trying to Produce a Memory representation from a non-existent mailbox.
[0814/002221.980:ERROR:gpu\command_buffer\service\shared_image\shared_image_manager.cc:386] SharedImageManager::ProduceMemory: Trying to Produce a Memory representation from a non-existent mailbox.
[0814/002221.980:ERROR:gpu\command_buffer\service\shared_image\shared_image_manager.cc:386] SharedImageManager::ProduceMemory: Trying to Produce a Memory representation from a non-existent mailbox.
[0814/002221.980:ERROR:gpu\command_buffer\service\shared_image\shared_image_manager.cc:386] SharedImageManager::ProduceMemory: Trying to Produce a Memory representation from a non-existent mailbox.
[0814/002222.089:ERROR:gpu\command_buffer\service\shared_image\shared_image_manager.cc:386] SharedImageManager::ProduceMemory: Trying to Produce a Memory representation from a non-existent mailbox.
[0814/002222.089:ERROR:gpu\command_buffer\service\shared_image\shared_image_manager.cc:386] SharedImageManager::ProduceMemory: Trying to Produce a Memory representation from a non-existent mailbox.
[0814/002222.089:ERROR:gpu\command_buffer\service\shared_image\shared_image_manager.cc:386] SharedImageManager::ProduceMemory: Trying to Produce a Memory representation from a non-existent mailbox.
[0814/002222.089:ERROR:gpu\command_buffer\service\shared_image\shared_image_manager.cc:386] SharedImageManager::ProduceMemory: Trying to Produce a Memory representation from a non-existent mailbox.
[0814/002222.089:ERROR:gpu\command_buffer\service\shared_image\shared_image_manager.cc:386] SharedImageManager::ProduceMemory: Trying to Produce a Memory representation from a non-existent mailbox.
[0814/002222.089:ERROR:gpu\command_buffer\service\shared_image\shared_image_manager.cc:386] SharedImageManager::ProduceMemory: Trying to Produce a Memory representation from a non-existent mailbox.
[0814/002222.089:ERROR:gpu\command_buffer\service\shared_image\shared_image_manager.cc:386] SharedImageManager::ProduceMemory: Trying to Produce a Memory representation from a non-existent mailbox.
[0814/002222.089:ERROR:gpu\command_buffer\service\shared_image\shared_image_manager.cc:386] SharedImageManager::ProduceMemory: Trying to Produce a Memory representation from a non-existent mailbox.
[0814/002222.090:ERROR:gpu\command_buffer\service\shared_image\shared_image_manager.cc:386] SharedImageManager::ProduceMemory: Trying to Produce a Memory representation from a non-existent mailbox.
[0814/002222.090:ERROR:gpu\command_buffer\service\shared_image\shared_image_manager.cc:386] SharedImageManager::ProduceMemory: Trying to Produce a Memory representation from a non-existent mailbox.
[0814/002222.090:ERROR:gpu\command_buffer\service\shared_image\shared_image_manager.cc:386] SharedImageManager::ProduceMemory: Trying to Produce a Memory representation from a non-existent mailbox.
[0814/002222.090:ERROR:gpu\command_buffer\service\shared_image\shared_image_manager.cc:386] SharedImageManager::ProduceMemory: Trying to Produce a Memory representation from a non-existent mailbox.
[0814/002222.090:ERROR:gpu\command_buffer\service\shared_image\shared_image_manager.cc:386] SharedImageManager::ProduceMemory: Trying to Produce a Memory representation from a non-existent mailbox.
[0814/002222.090:ERROR:gpu\command_buffer\service\shared_image\shared_image_manager.cc:386] SharedImageManager::ProduceMemory: Trying to Produce a Memory representation from a non-existent mailbox.
[0814/002222.090:ERROR:gpu\command_buffer\service\shared_image\shared_image_manager.cc:386] SharedImageManager::ProduceMemory: Trying to Produce a Memory representation from a non-existent mailbox.
[0814/002222.090:ERROR:gpu\command_buffer\service\shared_image\shared_image_manager.cc:386] SharedImageManager::ProduceMemory: Trying to Produce a Memory representation from a non-existent mailbox.
[0814/002222.090:ERROR:gpu\command_buffer\service\shared_image\shared_image_manager.cc:386] SharedImageManager::ProduceMemory: Trying to Produce a Memory representation from a non-existent mailbox.
[0814/002222.091:ERROR:gpu\command_buffer\service\shared_image\shared_image_manager.cc:386] SharedImageManager::ProduceMemory: Trying to Produce a Memory representation from a non-existent mailbox.
[0814/002222.092:ERROR:gpu\command_buffer\service\shared_image\shared_image_manager.cc:386] SharedImageManager::ProduceMemory: Trying to Produce a Memory representation from a non-existent mailbox.
[0814/002222.092:ERROR:gpu\command_buffer\service\shared_image\shared_image_manager.cc:386] SharedImageManager::ProduceMemory: Trying to Produce a Memory representation from a non-existent mailbox.
[0814/002222.212:ERROR:gpu\command_buffer\service\shared_image\shared_image_manager.cc:386] SharedImageManager::ProduceMemory: Trying to Produce a Memory representation from a non-existent mailbox.
[0814/002222.212:ERROR:gpu\command_buffer\service\shared_image\shared_image_manager.cc:386] SharedImageManager::ProduceMemory: Trying to Produce a Memory representation from a non-existent mailbox.
[0814/002222.213:ERROR:gpu\command_buffer\service\shared_image\shared_image_manager.cc:386] SharedImageManager::ProduceMemory: Trying to Produce a Memory representation from a non-existent mailbox.
[0814/002255.822:ERROR:gpu\command_buffer\service\shared_image\shared_image_manager.cc:386] SharedImageManager::ProduceMemory: Trying to Produce a Memory representation from a non-existent mailbox.
[0814/002255.823:ERROR:gpu\command_buffer\service\shared_image\shared_image_manager.cc:386] SharedImageManager::ProduceMemory: Trying to Produce a Memory representation from a non-existent mailbox.
[0814/002255.823:ERROR:gpu\command_buffer\service\shared_image\shared_image_manager.cc:386] SharedImageManager::ProduceMemory: Trying to Produce a Memory representation from a non-existent mailbox.
[0814/002255.823:ERROR:gpu\command_buffer\service\shared_image\shared_image_manager.cc:386] SharedImageManager::ProduceMemory: Trying to Produce a Memory representation from a non-existent mailbox.
[0814/002255.823:ERROR:gpu\command_buffer\service\shared_image\shared_image_manager.cc:386] SharedImageManager::ProduceMemory: Trying to Produce a Memory representation from a non-existent mailbox.
[0814/002255.931:ERROR:gpu\command_buffer\service\shared_image\shared_image_manager.cc:386] SharedImageManager::ProduceMemory: Trying to Produce a Memory representation from a non-existent mailbox.
[0814/002255.931:ERROR:gpu\command_buffer\service\shared_image\shared_image_manager.cc:386] SharedImageManager::ProduceMemory: Trying to Produce a Memory representation from a non-existent mailbox.
[0814/002255.931:ERROR:gpu\command_buffer\service\shared_image\shared_image_manager.cc:386] SharedImageManager::ProduceMemory: Trying to Produce a Memory representation from a non-existent mailbox.
[0814/002255.931:ERROR:gpu\command_buffer\service\shared_image\shared_image_manager.cc:386] SharedImageManager::ProduceMemory: Trying to Produce a Memory representation from a non-existent mailbox.
[0814/002255.932:ERROR:gpu\command_buffer\service\shared_image\shared_image_manager.cc:386] SharedImageManager::ProduceMemory: Trying to Produce a Memory representation from a non-existent mailbox.
[0814/002255.932:ERROR:gpu\command_buffer\service\shared_image\shared_image_manager.cc:386] SharedImageManager::ProduceMemory: Trying to Produce a Memory representation from a non-existent mailbox.
[0814/002255.932:ERROR:gpu\command_buffer\service\shared_image\shared_image_manager.cc:386] SharedImageManager::ProduceMemory: Trying to Produce a Memory representation from a non-existent mailbox.
[0814/002255.932:ERROR:gpu\command_buffer\service\shared_image\shared_image_manager.cc:386] SharedImageManager::ProduceMemory: Trying to Produce a Memory representation from a non-existent mailbox.
[0814/002255.932:ERROR:gpu\command_buffer\service\shared_image\shared_image_manager.cc:386] SharedImageManager::ProduceMemory: Trying to Produce a Memory representation from a non-existent mailbox.
[0814/002255.932:ERROR:gpu\command_buffer\service\shared_image\shared_image_manager.cc:386] SharedImageManager::ProduceMemory: Trying to Produce a Memory representation from a non-existent mailbox.
[0814/002255.933:ERROR:gpu\command_buffer\service\shared_image\shared_image_manager.cc:386] SharedImageManager::ProduceMemory: Trying to Produce a Memory representation from a non-existent mailbox.
[0814/002255.934:ERROR:gpu\command_buffer\service\shared_image\shared_image_manager.cc:386] SharedImageManager::ProduceMemory: Trying to Produce a Memory representation from a non-existent mailbox.
[0814/002255.934:ERROR:gpu\command_buffer\service\shared_image\shared_image_manager.cc:386] SharedImageManager::ProduceMemory: Trying to Produce a Memory representation from a non-existent mailbox.
[0814/002550.895:ERROR:gpu\command_buffer\service\shared_image\shared_image_manager.cc:386] SharedImageManager::ProduceMemory: Trying to Produce a Memory representation from a non-existent mailbox.
[0814/002550.895:ERROR:gpu\command_buffer\service\shared_image\shared_image_manager.cc:386] SharedImageManager::ProduceMemory: Trying to Produce a Memory representation from a non-existent mailbox.
[0814/002550.895:ERROR:gpu\command_buffer\service\shared_image\shared_image_manager.cc:386] SharedImageManager::ProduceMemory: Trying to Produce a Memory representation from a non-existent mailbox.
[0814/002550.897:ERROR:gpu\command_buffer\service\shared_image\shared_image_manager.cc:386] SharedImageManager::ProduceMemory: Trying to Produce a Memory representation from a non-existent mailbox.
[0814/002550.897:ERROR:gpu\command_buffer\service\shared_image\shared_image_manager.cc:386] SharedImageManager::ProduceMemory: Trying to Produce a Memory representation from a non-existent mailbox.
[0814/002550.897:ERROR:gpu\command_buffer\service\shared_image\shared_image_manager.cc:386] SharedImageManager::ProduceMemory: Trying to Produce a Memory representation from a non-existent mailbox.
[0814/002550.897:ERROR:gpu\command_buffer\service\shared_image\shared_image_manager.cc:386] SharedImageManager::ProduceMemory: Trying to Produce a Memory representation from a non-existent mailbox.
[0814/002550.897:ERROR:gpu\command_buffer\service\shared_image\shared_image_manager.cc:386] SharedImageManager::ProduceMemory: Trying to Produce a Memory representation from a non-existent mailbox.
[0814/002550.897:ERROR:gpu\command_buffer\service\shared_image\shared_image_manager.cc:386] SharedImageManager::ProduceMemory: Trying to Produce a Memory representation from a non-existent mailbox.
[0814/002550.897:ERROR:gpu\command_buffer\service\shared_image\shared_image_manager.cc:386] SharedImageManager::ProduceMemory: Trying to Produce a Memory representation from a non-existent mailbox.
[0814/002550.897:ERROR:gpu\command_buffer\service\shared_image\shared_image_manager.cc:386] SharedImageManager::ProduceMemory: Trying to Produce a Memory representation from a non-existent mailbox.
[0814/002550.897:ERROR:gpu\command_buffer\service\shared_image\shared_image_manager.cc:386] SharedImageManager::ProduceMemory: Trying to Produce a Memory representation from a non-existent mailbox.
[0814/002550.897:ERROR:gpu\command_buffer\service\shared_image\shared_image_manager.cc:386] SharedImageManager::ProduceMemory: Trying to Produce a Memory representation from a non-existent mailbox.
[0814/002550.897:ERROR:gpu\command_buffer\service\shared_image\shared_image_manager.cc:386] SharedImageManager::ProduceMemory: Trying to Produce a Memory representation from a non-existent mailbox.
[0814/002550.897:ERROR:gpu\command_buffer\service\shared_image\shared_image_manager.cc:386] SharedImageManager::ProduceMemory: Trying to Produce a Memory representation from a non-existent mailbox.
[0814/002550.897:ERROR:gpu\command_buffer\service\shared_image\shared_image_manager.cc:386] SharedImageManager::ProduceMemory: Trying to Produce a Memory representation from a non-existent mailbox.
[0814/002550.897:ERROR:gpu\command_buffer\service\shared_image\shared_image_manager.cc:386] SharedImageManager::ProduceMemory: Trying to Produce a Memory representation from a non-existent mailbox.
[0814/002550.897:ERROR:gpu\command_buffer\service\shared_image\shared_image_manager.cc:386] SharedImageManager::ProduceMemory: Trying to Produce a Memory representation from a non-existent mailbox.
[0814/002550.897:ERROR:gpu\command_buffer\service\shared_image\shared_image_manager.cc:386] SharedImageManager::ProduceMemory: Trying to Produce a Memory representation from a non-existent mailbox.
[0814/002550.897:ERROR:gpu\command_buffer\service\shared_image\shared_image_manager.cc:386] SharedImageManager::ProduceMemory: Trying to Produce a Memory representation from a non-existent mailbox.
[0814/002550.897:ERROR:gpu\command_buffer\service\shared_image\shared_image_manager.cc:386] SharedImageManager::ProduceMemory: Trying to Produce a Memory representation from a non-existent mailbox.
[0814/002550.897:ERROR:gpu\command_buffer\service\shared_image\shared_image_manager.cc:386] SharedImageManager::ProduceMemory: Trying to Produce a Memory representation from a non-existent mailbox.
[0814/002550.897:ERROR:gpu\command_buffer\service\shared_image\shared_image_manager.cc:386] SharedImageManager::ProduceMemory: Trying to Produce a Memory representation from a non-existent mailbox.
[0814/002550.897:ERROR:gpu\command_buffer\service\shared_image\shared_image_manager.cc:386] SharedImageManager::ProduceMemory: Trying to Produce a Memory representation from a non-existent mailbox.
[0814/002550.897:ERROR:gpu\command_buffer\service\shared_image\shared_image_manager.cc:386] SharedImageManager::ProduceMemory: Trying to Produce a Memory representation from a non-existent mailbox.
[0814/002550.897:ERROR:gpu\command_buffer\service\shared_image\shared_image_manager.cc:386] SharedImageManager::ProduceMemory: Trying to Produce a Memory representation from a non-existent mailbox.
[0814/002550.897:ERROR:gpu\command_buffer\service\shared_image\shared_image_manager.cc:386] SharedImageManager::ProduceMemory: Trying to Produce a Memory representation from a non-existent mailbox.
[0814/002550.897:ERROR:gpu\command_buffer\service\shared_image\shared_image_manager.cc:386] SharedImageManager::ProduceMemory: Trying to Produce a Memory representation from a non-existent mailbox.
[0814/002550.897:ERROR:gpu\command_buffer\service\shared_image\shared_image_manager.cc:386] SharedImageManager::ProduceMemory: Trying to Produce a Memory representation from a non-existent mailbox.
[0814/002550.897:ERROR:gpu\command_buffer\service\shared_image\shared_image_manager.cc:386] SharedImageManager::ProduceMemory: Trying to Produce a Memory representation from a non-existent mailbox.
[0814/002550.897:ERROR:gpu\command_buffer\service\shared_image\shared_image_manager.cc:386] SharedImageManager::ProduceMemory: Trying to Produce a Memory representation from a non-existent mailbox.
[0814/002550.897:ERROR:gpu\command_buffer\service\shared_image\shared_image_manager.cc:386] SharedImageManager::ProduceMemory: Trying to Produce a Memory representation from a non-existent mailbox.
[0814/002550.897:ERROR:gpu\command_buffer\service\shared_image\shared_image_manager.cc:386] SharedImageManager::ProduceMemory: Trying to Produce a Memory representation from a non-existent mailbox.
[0814/002550.897:ERROR:gpu\command_buffer\service\shared_image\shared_image_manager.cc:386] SharedImageManager::ProduceMemory: Trying to Produce a Memory representation from a non-existent mailbox.
[0814/002550.897:ERROR:gpu\command_buffer\service\shared_image\shared_image_manager.cc:386] SharedImageManager::ProduceMemory: Trying to Produce a Memory representation from a non-existent mailbox.
[0814/002550.897:ERROR:gpu\command_buffer\service\shared_image\shared_image_manager.cc:386] SharedImageManager::ProduceMemory: Trying to Produce a Memory representation from a non-existent mailbox.
[0814/002550.897:ERROR:gpu\command_buffer\service\shared_image\shared_image_manager.cc:386] SharedImageManager::ProduceMemory: Trying to Produce a Memory representation from a non-existent mailbox.
[0814/002551.007:ERROR:gpu\command_buffer\service\shared_image\shared_image_manager.cc:386] SharedImageManager::ProduceMemory: Trying to Produce a Memory representation from a non-existent mailbox.
[0814/002551.007:ERROR:gpu\command_buffer\service\shared_image\shared_image_manager.cc:386] SharedImageManager::ProduceMemory: Trying to Produce a Memory representation from a non-existent mailbox.
[0814/002551.007:ERROR:gpu\command_buffer\service\shared_image\shared_image_manager.cc:386] SharedImageManager::ProduceMemory: Trying to Produce a Memory representation from a non-existent mailbox.
[0814/002551.007:ERROR:gpu\command_buffer\service\shared_image\shared_image_manager.cc:386] SharedImageManager::ProduceMemory: Trying to Produce a Memory representation from a non-existent mailbox.
[0814/002551.007:ERROR:gpu\command_buffer\service\shared_image\shared_image_manager.cc:386] SharedImageManager::ProduceMemory: Trying to Produce a Memory representation from a non-existent mailbox.
[0814/002551.007:ERROR:gpu\command_buffer\service\shared_image\shared_image_manager.cc:386] SharedImageManager::ProduceMemory: Trying to Produce a Memory representation from a non-existent mailbox.
[0814/002551.007:ERROR:gpu\command_buffer\service\shared_image\shared_image_manager.cc:386] SharedImageManager::ProduceMemory: Trying to Produce a Memory representation from a non-existent mailbox.
[0814/002551.007:ERROR:gpu\command_buffer\service\shared_image\shared_image_manager.cc:386] SharedImageManager::ProduceMemory: Trying to Produce a Memory representation from a non-existent mailbox.
[0814/002551.007:ERROR:gpu\command_buffer\service\shared_image\shared_image_manager.cc:386] SharedImageManager::ProduceMemory: Trying to Produce a Memory representation from a non-existent mailbox.
[0814/002551.007:ERROR:gpu\command_buffer\service\shared_image\shared_image_manager.cc:386] SharedImageManager::ProduceMemory: Trying to Produce a Memory representation from a non-existent mailbox.
[0814/002551.007:ERROR:gpu\command_buffer\service\shared_image\shared_image_manager.cc:386] SharedImageManager::ProduceMemory: Trying to Produce a Memory representation from a non-existent mailbox.
[0814/002551.007:ERROR:gpu\command_buffer\service\shared_image\shared_image_manager.cc:386] SharedImageManager::ProduceMemory: Trying to Produce a Memory representation from a non-existent mailbox.
[0814/002551.007:ERROR:gpu\command_buffer\service\shared_image\shared_image_manager.cc:386] SharedImageManager::ProduceMemory: Trying to Produce a Memory representation from a non-existent mailbox.
[0814/002551.007:ERROR:gpu\command_buffer\service\shared_image\shared_image_manager.cc:386] SharedImageManager::ProduceMemory: Trying to Produce a Memory representation from a non-existent mailbox.
[0814/002551.007:ERROR:gpu\command_buffer\service\shared_image\shared_image_manager.cc:386] SharedImageManager::ProduceMemory: Trying to Produce a Memory representation from a non-existent mailbox.
[0814/002551.009:ERROR:gpu\command_buffer\service\shared_image\shared_image_manager.cc:386] SharedImageManager::ProduceMemory: Trying to Produce a Memory representation from a non-existent mailbox.
[0814/002551.009:ERROR:gpu\command_buffer\service\shared_image\shared_image_manager.cc:386] SharedImageManager::ProduceMemory: Trying to Produce a Memory representation from a non-existent mailbox.
[0814/002551.010:ERROR:gpu\command_buffer\service\shared_image\shared_image_manager.cc:386] SharedImageManager::ProduceMemory: Trying to Produce a Memory representation from a non-existent mailbox.
[0814/002632.407:ERROR:gpu\command_buffer\service\shared_image\shared_image_manager.cc:386] SharedImageManager::ProduceMemory: Trying to Produce a Memory representation from a non-existent mailbox.
[0814/002632.407:ERROR:gpu\command_buffer\service\shared_image\shared_image_manager.cc:386] SharedImageManager::ProduceMemory: Trying to Produce a Memory representation from a non-existent mailbox.
[0814/002632.407:ERROR:gpu\command_buffer\service\shared_image\shared_image_manager.cc:386] SharedImageManager::ProduceMemory: Trying to Produce a Memory representation from a non-existent mailbox.
[0814/002632.407:ERROR:gpu\command_buffer\service\shared_image\shared_image_manager.cc:386] SharedImageManager::ProduceMemory: Trying to Produce a Memory representation from a non-existent mailbox.
[0814/002632.407:ERROR:gpu\command_buffer\service\shared_image\shared_image_manager.cc:386] SharedImageManager::ProduceMemory: Trying to Produce a Memory representation from a non-existent mailbox.
[0814/002632.407:ERROR:gpu\command_buffer\service\shared_image\shared_image_manager.cc:386] SharedImageManager::ProduceMemory: Trying to Produce a Memory representation from a non-existent mailbox.
[0814/002632.407:ERROR:gpu\command_buffer\service\shared_image\shared_image_manager.cc:386] SharedImageManager::ProduceMemory: Trying to Produce a Memory representation from a non-existent mailbox.
[0814/002632.407:ERROR:gpu\command_buffer\service\shared_image\shared_image_manager.cc:386] SharedImageManager::ProduceMemory: Trying to Produce a Memory representation from a non-existent mailbox.
[0814/002632.407:ERROR:gpu\command_buffer\service\shared_image\shared_image_manager.cc:386] SharedImageManager::ProduceMemory: Trying to Produce a Memory representation from a non-existent mailbox.
[0814/002632.407:ERROR:gpu\command_buffer\service\shared_image\shared_image_manager.cc:386] SharedImageManager::ProduceMemory: Trying to Produce a Memory representation from a non-existent mailbox.
[0814/002632.407:ERROR:gpu\command_buffer\service\shared_image\shared_image_manager.cc:386] SharedImageManager::ProduceMemory: Trying to Produce a Memory representation from a non-existent mailbox.
[0814/002632.407:ERROR:gpu\command_buffer\service\shared_image\shared_image_manager.cc:386] SharedImageManager::ProduceMemory: Trying to Produce a Memory representation from a non-existent mailbox.
[0814/002632.407:ERROR:gpu\command_buffer\service\shared_image\shared_image_manager.cc:386] SharedImageManager::ProduceMemory: Trying to Produce a Memory representation from a non-existent mailbox.
[0814/002632.407:ERROR:gpu\command_buffer\service\shared_image\shared_image_manager.cc:386] SharedImageManager::ProduceMemory: Trying to Produce a Memory representation from a non-existent mailbox.
[0814/002632.407:ERROR:gpu\command_buffer\service\shared_image\shared_image_manager.cc:386] SharedImageManager::ProduceMemory: Trying to Produce a Memory representation from a non-existent mailbox.
[0814/002632.407:ERROR:gpu\command_buffer\service\shared_image\shared_image_manager.cc:386] SharedImageManager::ProduceMemory: Trying to Produce a Memory representation from a non-existent mailbox.
[0814/002632.407:ERROR:gpu\command_buffer\service\shared_image\shared_image_manager.cc:386] SharedImageManager::ProduceMemory: Trying to Produce a Memory representation from a non-existent mailbox.
[0814/002632.407:ERROR:gpu\command_buffer\service\shared_image\shared_image_manager.cc:386] SharedImageManager::ProduceMemory: Trying to Produce a Memory representation from a non-existent mailbox.
[0814/002632.407:ERROR:gpu\command_buffer\service\shared_image\shared_image_manager.cc:386] SharedImageManager::ProduceMemory: Trying to Produce a Memory representation from a non-existent mailbox.
[0814/002632.407:ERROR:gpu\command_buffer\service\shared_image\shared_image_manager.cc:386] SharedImageManager::ProduceMemory: Trying to Produce a Memory representation from a non-existent mailbox.
[0814/002632.407:ERROR:gpu\command_buffer\service\shared_image\shared_image_manager.cc:386] SharedImageManager::ProduceMemory: Trying to Produce a Memory representation from a non-existent mailbox.
[0814/002632.407:ERROR:gpu\command_buffer\service\shared_image\shared_image_manager.cc:386] SharedImageManager::ProduceMemory: Trying to Produce a Memory representation from a non-existent mailbox.
[0814/002632.407:ERROR:gpu\command_buffer\service\shared_image\shared_image_manager.cc:386] SharedImageManager::ProduceMemory: Trying to Produce a Memory representation from a non-existent mailbox.
[0814/002632.407:ERROR:gpu\command_buffer\service\shared_image\shared_image_manager.cc:386] SharedImageManager::ProduceMemory: Trying to Produce a Memory representation from a non-existent mailbox.
[0814/002632.407:ERROR:gpu\command_buffer\service\shared_image\shared_image_manager.cc:386] SharedImageManager::ProduceMemory: Trying to Produce a Memory representation from a non-existent mailbox.
[0814/002632.408:ERROR:gpu\command_buffer\service\shared_image\shared_image_manager.cc:386] SharedImageManager::ProduceMemory: Trying to Produce a Memory representation from a non-existent mailbox.
[0814/002632.408:ERROR:gpu\command_buffer\service\shared_image\shared_image_manager.cc:386] SharedImageManager::ProduceMemory: Trying to Produce a Memory representation from a non-existent mailbox.
[0814/002632.408:ERROR:gpu\command_buffer\service\shared_image\shared_image_manager.cc:386] SharedImageManager::ProduceMemory: Trying to Produce a Memory representation from a non-existent mailbox.
[0814/002632.408:ERROR:gpu\command_buffer\service\shared_image\shared_image_manager.cc:386] SharedImageManager::ProduceMemory: Trying to Produce a Memory representation from a non-existent mailbox.
[0814/002632.408:ERROR:gpu\command_buffer\service\shared_image\shared_image_manager.cc:386] SharedImageManager::ProduceMemory: Trying to Produce a Memory representation from a non-existent mailbox.
[0814/002632.408:ERROR:gpu\command_buffer\service\shared_image\shared_image_manager.cc:386] SharedImageManager::ProduceMemory: Trying to Produce a Memory representation from a non-existent mailbox.
[0814/002632.408:ERROR:gpu\command_buffer\service\shared_image\shared_image_manager.cc:386] SharedImageManager::ProduceMemory: Trying to Produce a Memory representation from a non-existent mailbox.
[0814/002632.408:ERROR:gpu\command_buffer\service\shared_image\shared_image_manager.cc:386] SharedImageManager::ProduceMemory: Trying to Produce a Memory representation from a non-existent mailbox.
[0814/002632.408:ERROR:gpu\command_buffer\service\shared_image\shared_image_manager.cc:386] SharedImageManager::ProduceMemory: Trying to Produce a Memory representation from a non-existent mailbox.
[0814/002632.408:ERROR:gpu\command_buffer\service\shared_image\shared_image_manager.cc:386] SharedImageManager::ProduceMemory: Trying to Produce a Memory representation from a non-existent mailbox.
[0814/002632.408:ERROR:gpu\command_buffer\service\shared_image\shared_image_manager.cc:386] SharedImageManager::ProduceMemory: Trying to Produce a Memory representation from a non-existent mailbox.
[0814/002632.408:ERROR:gpu\command_buffer\service\shared_image\shared_image_manager.cc:386] SharedImageManager::ProduceMemory: Trying to Produce a Memory representation from a non-existent mailbox.
[0814/002632.408:ERROR:gpu\command_buffer\service\shared_image\shared_image_manager.cc:386] SharedImageManager::ProduceMemory: Trying to Produce a Memory representation from a non-existent mailbox.
[0814/002632.408:ERROR:gpu\command_buffer\service\shared_image\shared_image_manager.cc:386] SharedImageManager::ProduceMemory: Trying to Produce a Memory representation from a non-existent mailbox.
[0814/002632.408:ERROR:gpu\command_buffer\service\shared_image\shared_image_manager.cc:386] SharedImageManager::ProduceMemory: Trying to Produce a Memory representation from a non-existent mailbox.
[0814/002632.408:ERROR:gpu\command_buffer\service\shared_image\shared_image_manager.cc:386] SharedImageManager::ProduceMemory: Trying to Produce a Memory representation from a non-existent mailbox.
[0814/002632.408:ERROR:gpu\command_buffer\service\shared_image\shared_image_manager.cc:386] SharedImageManager::ProduceMemory: Trying to Produce a Memory representation from a non-existent mailbox.
[0814/002632.408:ERROR:gpu\command_buffer\service\shared_image\shared_image_manager.cc:386] SharedImageManager::ProduceMemory: Trying to Produce a Memory representation from a non-existent mailbox.
[0814/002632.408:ERROR:gpu\command_buffer\service\shared_image\shared_image_manager.cc:386] SharedImageManager::ProduceMemory: Trying to Produce a Memory representation from a non-existent mailbox.
[0814/002632.408:ERROR:gpu\command_buffer\service\shared_image\shared_image_manager.cc:386] SharedImageManager::ProduceMemory: Trying to Produce a Memory representation from a non-existent mailbox.
[0814/002632.408:ERROR:gpu\command_buffer\service\shared_image\shared_image_manager.cc:386] SharedImageManager::ProduceMemory: Trying to Produce a Memory representation from a non-existent mailbox.
[0814/002632.408:ERROR:gpu\command_buffer\service\shared_image\shared_image_manager.cc:386] SharedImageManager::ProduceMemory: Trying to Produce a Memory representation from a non-existent mailbox.
[0814/002632.413:ERROR:gpu\command_buffer\service\shared_image\shared_image_manager.cc:386] SharedImageManager::ProduceMemory: Trying to Produce a Memory representation from a non-existent mailbox.
[0814/002632.413:ERROR:gpu\command_buffer\service\shared_image\shared_image_manager.cc:386] SharedImageManager::ProduceMemory: Trying to Produce a Memory representation from a non-existent mailbox.
[0814/002632.413:ERROR:gpu\command_buffer\service\shared_image\shared_image_manager.cc:386] SharedImageManager::ProduceMemory: Trying to Produce a Memory representation from a non-existent mailbox.
[0814/002632.413:ERROR:gpu\command_buffer\service\shared_image\shared_image_manager.cc:386] SharedImageManager::ProduceMemory: Trying to Produce a Memory representation from a non-existent mailbox.
[0814/002632.413:ERROR:gpu\command_buffer\service\shared_image\shared_image_manager.cc:386] SharedImageManager::ProduceMemory: Trying to Produce a Memory representation from a non-existent mailbox.
[0814/002632.413:ERROR:gpu\command_buffer\service\shared_image\shared_image_manager.cc:386] SharedImageManager::ProduceMemory: Trying to Produce a Memory representation from a non-existent mailbox.
[0814/002632.413:ERROR:gpu\command_buffer\service\shared_image\shared_image_manager.cc:386] SharedImageManager::ProduceMemory: Trying to Produce a Memory representation from a non-existent mailbox.
[0814/002632.413:ERROR:gpu\command_buffer\service\shared_image\shared_image_manager.cc:386] SharedImageManager::ProduceMemory: Trying to Produce a Memory representation from a non-existent mailbox.
[0814/002632.416:ERROR:gpu\command_buffer\service\shared_image\shared_image_manager.cc:386] SharedImageManager::ProduceMemory: Trying to Produce a Memory representation from a non-existent mailbox.
[0814/002632.417:ERROR:gpu\command_buffer\service\shared_image\shared_image_manager.cc:386] SharedImageManager::ProduceMemory: Trying to Produce a Memory representation from a non-existent mailbox.
[0814/002632.417:ERROR:gpu\command_buffer\service\shared_image\shared_image_manager.cc:386] SharedImageManager::ProduceMemory: Trying to Produce a Memory representation from a non-existent mailbox.
[0814/002632.512:ERROR:gpu\command_buffer\service\shared_image\shared_image_manager.cc:386] SharedImageManager::ProduceMemory: Trying to Produce a Memory representation from a non-existent mailbox.
[0814/002632.512:ERROR:gpu\command_buffer\service\shared_image\shared_image_manager.cc:386] SharedImageManager::ProduceMemory: Trying to Produce a Memory representation from a non-existent mailbox.
[0814/002632.512:ERROR:gpu\command_buffer\service\shared_image\shared_image_manager.cc:386] SharedImageManager::ProduceMemory: Trying to Produce a Memory representation from a non-existent mailbox.
[0814/002632.512:ERROR:gpu\command_buffer\service\shared_image\shared_image_manager.cc:386] SharedImageManager::ProduceMemory: Trying to Produce a Memory representation from a non-existent mailbox.
[0814/002632.512:ERROR:gpu\command_buffer\service\shared_image\shared_image_manager.cc:386] SharedImageManager::ProduceMemory: Trying to Produce a Memory representation from a non-existent mailbox.
[0814/002632.512:ERROR:gpu\command_buffer\service\shared_image\shared_image_manager.cc:386] SharedImageManager::ProduceMemory: Trying to Produce a Memory representation from a non-existent mailbox.
[0814/002632.513:ERROR:gpu\command_buffer\service\shared_image\shared_image_manager.cc:386] SharedImageManager::ProduceMemory: Trying to Produce a Memory representation from a non-existent mailbox.
[0814/002632.513:ERROR:gpu\command_buffer\service\shared_image\shared_image_manager.cc:386] SharedImageManager::ProduceMemory: Trying to Produce a Memory representation from a non-existent mailbox.
[0814/002632.513:ERROR:gpu\command_buffer\service\shared_image\shared_image_manager.cc:386] SharedImageManager::ProduceMemory: Trying to Produce a Memory representation from a non-existent mailbox.
[0814/002632.513:ERROR:gpu\command_buffer\service\shared_image\shared_image_manager.cc:386] SharedImageManager::ProduceMemory: Trying to Produce a Memory representation from a non-existent mailbox.
[0814/002632.513:ERROR:gpu\command_buffer\service\shared_image\shared_image_manager.cc:386] SharedImageManager::ProduceMemory: Trying to Produce a Memory representation from a non-existent mailbox.
[0814/002632.513:ERROR:gpu\command_buffer\service\shared_image\shared_image_manager.cc:386] SharedImageManager::ProduceMemory: Trying to Produce a Memory representation from a non-existent mailbox.
[0814/002632.513:ERROR:gpu\command_buffer\service\shared_image\shared_image_manager.cc:386] SharedImageManager::ProduceMemory: Trying to Produce a Memory representation from a non-existent mailbox.
[0814/002632.513:ERROR:gpu\command_buffer\service\shared_image\shared_image_manager.cc:386] SharedImageManager::ProduceMemory: Trying to Produce a Memory representation from a non-existent mailbox.
[0814/002632.513:ERROR:gpu\command_buffer\service\shared_image\shared_image_manager.cc:386] SharedImageManager::ProduceMemory: Trying to Produce a Memory representation from a non-existent mailbox.
[0814/002632.513:ERROR:gpu\command_buffer\service\shared_image\shared_image_manager.cc:386] SharedImageManager::ProduceMemory: Trying to Produce a Memory representation from a non-existent mailbox.
[0814/002632.513:ERROR:gpu\command_buffer\service\shared_image\shared_image_manager.cc:386] SharedImageManager::ProduceMemory: Trying to Produce a Memory representation from a non-existent mailbox.
[0814/002632.513:ERROR:gpu\command_buffer\service\shared_image\shared_image_manager.cc:386] SharedImageManager::ProduceMemory: Trying to Produce a Memory representation from a non-existent mailbox.
[0814/002632.514:ERROR:gpu\command_buffer\service\shared_image\shared_image_manager.cc:386] SharedImageManager::ProduceMemory: Trying to Produce a Memory representation from a non-existent mailbox.
[0814/002632.515:ERROR:gpu\command_buffer\service\shared_image\shared_image_manager.cc:386] SharedImageManager::ProduceMemory: Trying to Produce a Memory representation from a non-existent mailbox.
[0814/002632.515:ERROR:gpu\command_buffer\service\shared_image\shared_image_manager.cc:386] SharedImageManager::ProduceMemory: Trying to Produce a Memory representation from a non-existent mailbox.
[0814/002632.637:ERROR:gpu\command_buffer\service\shared_image\shared_image_manager.cc:386] SharedImageManager::ProduceMemory: Trying to Produce a Memory representation from a non-existent mailbox.
[0814/002632.637:ERROR:gpu\command_buffer\service\shared_image\shared_image_manager.cc:386] SharedImageManager::ProduceMemory: Trying to Produce a Memory representation from a non-existent mailbox.
[0814/002632.637:ERROR:gpu\command_buffer\service\shared_image\shared_image_manager.cc:386] SharedImageManager::ProduceMemory: Trying to Produce a Memory representation from a non-existent mailbox.
[0814/002706.332:ERROR:gpu\command_buffer\service\shared_image\shared_image_manager.cc:386] SharedImageManager::ProduceMemory: Trying to Produce a Memory representation from a non-existent mailbox.
[0814/002706.333:ERROR:gpu\command_buffer\service\shared_image\shared_image_manager.cc:386] SharedImageManager::ProduceMemory: Trying to Produce a Memory representation from a non-existent mailbox.
[0814/002706.334:ERROR:gpu\command_buffer\service\shared_image\shared_image_manager.cc:386] SharedImageManager::ProduceMemory: Trying to Produce a Memory representation from a non-existent mailbox.
[0814/002706.334:ERROR:gpu\command_buffer\service\shared_image\shared_image_manager.cc:386] SharedImageManager::ProduceMemory: Trying to Produce a Memory representation from a non-existent mailbox.
[0814/002706.334:ERROR:gpu\command_buffer\service\shared_image\shared_image_manager.cc:386] SharedImageManager::ProduceMemory: Trying to Produce a Memory representation from a non-existent mailbox.
[0814/002706.334:ERROR:gpu\command_buffer\service\shared_image\shared_image_manager.cc:386] SharedImageManager::ProduceMemory: Trying to Produce a Memory representation from a non-existent mailbox.
[0814/002706.334:ERROR:gpu\command_buffer\service\shared_image\shared_image_manager.cc:386] SharedImageManager::ProduceMemory: Trying to Produce a Memory representation from a non-existent mailbox.
[0814/002706.334:ERROR:gpu\command_buffer\service\shared_image\shared_image_manager.cc:386] SharedImageManager::ProduceMemory: Trying to Produce a Memory representation from a non-existent mailbox.
[0814/002706.334:ERROR:gpu\command_buffer\service\shared_image\shared_image_manager.cc:386] SharedImageManager::ProduceMemory: Trying to Produce a Memory representation from a non-existent mailbox.
[0814/002706.334:ERROR:gpu\command_buffer\service\shared_image\shared_image_manager.cc:386] SharedImageManager::ProduceMemory: Trying to Produce a Memory representation from a non-existent mailbox.
[0814/002706.334:ERROR:gpu\command_buffer\service\shared_image\shared_image_manager.cc:386] SharedImageManager::ProduceMemory: Trying to Produce a Memory representation from a non-existent mailbox.
[0814/002706.334:ERROR:gpu\command_buffer\service\shared_image\shared_image_manager.cc:386] SharedImageManager::ProduceMemory: Trying to Produce a Memory representation from a non-existent mailbox.
[0814/002706.334:ERROR:gpu\command_buffer\service\shared_image\shared_image_manager.cc:386] SharedImageManager::ProduceMemory: Trying to Produce a Memory representation from a non-existent mailbox.
[0814/002706.334:ERROR:gpu\command_buffer\service\shared_image\shared_image_manager.cc:386] SharedImageManager::ProduceMemory: Trying to Produce a Memory representation from a non-existent mailbox.
[0814/002706.334:ERROR:gpu\command_buffer\service\shared_image\shared_image_manager.cc:386] SharedImageManager::ProduceMemory: Trying to Produce a Memory representation from a non-existent mailbox.
[0814/002706.334:ERROR:gpu\command_buffer\service\shared_image\shared_image_manager.cc:386] SharedImageManager::ProduceMemory: Trying to Produce a Memory representation from a non-existent mailbox.
[0814/002706.334:ERROR:gpu\command_buffer\service\shared_image\shared_image_manager.cc:386] SharedImageManager::ProduceMemory: Trying to Produce a Memory representation from a non-existent mailbox.
[0814/002706.334:ERROR:gpu\command_buffer\service\shared_image\shared_image_manager.cc:386] SharedImageManager::ProduceMemory: Trying to Produce a Memory representation from a non-existent mailbox.
[0814/002706.334:ERROR:gpu\command_buffer\service\shared_image\shared_image_manager.cc:386] SharedImageManager::ProduceMemory: Trying to Produce a Memory representation from a non-existent mailbox.
[0814/002706.334:ERROR:gpu\command_buffer\service\shared_image\shared_image_manager.cc:386] SharedImageManager::ProduceMemory: Trying to Produce a Memory representation from a non-existent mailbox.
[0814/002706.334:ERROR:gpu\command_buffer\service\shared_image\shared_image_manager.cc:386] SharedImageManager::ProduceMemory: Trying to Produce a Memory representation from a non-existent mailbox.
[0814/002706.334:ERROR:gpu\command_buffer\service\shared_image\shared_image_manager.cc:386] SharedImageManager::ProduceMemory: Trying to Produce a Memory representation from a non-existent mailbox.
[0814/003610.678:ERROR:gpu\command_buffer\service\shared_image\shared_image_manager.cc:386] SharedImageManager::ProduceMemory: Trying to Produce a Memory representation from a non-existent mailbox.
[0814/003610.679:ERROR:gpu\command_buffer\service\shared_image\shared_image_manager.cc:386] SharedImageManager::ProduceMemory: Trying to Produce a Memory representation from a non-existent mailbox.
[0814/003610.679:ERROR:gpu\command_buffer\service\shared_image\shared_image_manager.cc:386] SharedImageManager::ProduceMemory: Trying to Produce a Memory representation from a non-existent mailbox.
[0814/003610.679:ERROR:gpu\command_buffer\service\shared_image\shared_image_manager.cc:386] SharedImageManager::ProduceMemory: Trying to Produce a Memory representation from a non-existent mailbox.
[0814/003610.792:ERROR:gpu\command_buffer\service\shared_image\shared_image_manager.cc:386] SharedImageManager::ProduceMemory: Trying to Produce a Memory representation from a non-existent mailbox.
[0814/003610.792:ERROR:gpu\command_buffer\service\shared_image\shared_image_manager.cc:386] SharedImageManager::ProduceMemory: Trying to Produce a Memory representation from a non-existent mailbox.
[0814/003648.567:ERROR:gpu\command_buffer\service\shared_image\shared_image_manager.cc:386] SharedImageManager::ProduceMemory: Trying to Produce a Memory representation from a non-existent mailbox.
[0814/003648.568:ERROR:gpu\command_buffer\service\shared_image\shared_image_manager.cc:386] SharedImageManager::ProduceMemory: Trying to Produce a Memory representation from a non-existent mailbox.
[0814/003648.568:ERROR:gpu\command_buffer\service\shared_image\shared_image_manager.cc:386] SharedImageManager::ProduceMemory: Trying to Produce a Memory representation from a non-existent mailbox.
[0814/003648.568:ERROR:gpu\command_buffer\service\shared_image\shared_image_manager.cc:386] SharedImageManager::ProduceMemory: Trying to Produce a Memory representation from a non-existent mailbox.
[0814/003648.568:ERROR:gpu\command_buffer\service\shared_image\shared_image_manager.cc:386] SharedImageManager::ProduceMemory: Trying to Produce a Memory representation from a non-existent mailbox.
[0814/003648.568:ERROR:gpu\command_buffer\service\shared_image\shared_image_manager.cc:386] SharedImageManager::ProduceMemory: Trying to Produce a Memory representation from a non-existent mailbox.
[0814/003648.568:ERROR:gpu\command_buffer\service\shared_image\shared_image_manager.cc:386] SharedImageManager::ProduceMemory: Trying to Produce a Memory representation from a non-existent mailbox.
[0814/003648.568:ERROR:gpu\command_buffer\service\shared_image\shared_image_manager.cc:386] SharedImageManager::ProduceMemory: Trying to Produce a Memory representation from a non-existent mailbox.
[0814/003648.568:ERROR:gpu\command_buffer\service\shared_image\shared_image_manager.cc:386] SharedImageManager::ProduceMemory: Trying to Produce a Memory representation from a non-existent mailbox.
[0814/003648.568:ERROR:gpu\command_buffer\service\shared_image\shared_image_manager.cc:386] SharedImageManager::ProduceMemory: Trying to Produce a Memory representation from a non-existent mailbox.
[0814/003648.568:ERROR:gpu\command_buffer\service\shared_image\shared_image_manager.cc:386] SharedImageManager::ProduceMemory: Trying to Produce a Memory representation from a non-existent mailbox.
[0814/003648.568:ERROR:gpu\command_buffer\service\shared_image\shared_image_manager.cc:386] SharedImageManager::ProduceMemory: Trying to Produce a Memory representation from a non-existent mailbox.
[0814/003648.568:ERROR:gpu\command_buffer\service\shared_image\shared_image_manager.cc:386] SharedImageManager::ProduceMemory: Trying to Produce a Memory representation from a non-existent mailbox.
[0814/003648.568:ERROR:gpu\command_buffer\service\shared_image\shared_image_manager.cc:386] SharedImageManager::ProduceMemory: Trying to Produce a Memory representation from a non-existent mailbox.
[0814/003648.568:ERROR:gpu\command_buffer\service\shared_image\shared_image_manager.cc:386] SharedImageManager::ProduceMemory: Trying to Produce a Memory representation from a non-existent mailbox.
[0814/003648.568:ERROR:gpu\command_buffer\service\shared_image\shared_image_manager.cc:386] SharedImageManager::ProduceMemory: Trying to Produce a Memory representation from a non-existent mailbox.
[0814/003648.568:ERROR:gpu\command_buffer\service\shared_image\shared_image_manager.cc:386] SharedImageManager::ProduceMemory: Trying to Produce a Memory representation from a non-existent mailbox.
[0814/003648.570:ERROR:gpu\command_buffer\service\shared_image\shared_image_manager.cc:386] SharedImageManager::ProduceMemory: Trying to Produce a Memory representation from a non-existent mailbox.
[0814/003648.571:ERROR:gpu\command_buffer\service\shared_image\shared_image_manager.cc:386] SharedImageManager::ProduceMemory: Trying to Produce a Memory representation from a non-existent mailbox.
[0814/003648.571:ERROR:gpu\command_buffer\service\shared_image\shared_image_manager.cc:386] SharedImageManager::ProduceMemory: Trying to Produce a Memory representation from a non-existent mailbox.
[0814/003738.862:ERROR:gpu\command_buffer\service\shared_image\shared_image_manager.cc:386] SharedImageManager::ProduceMemory: Trying to Produce a Memory representation from a non-existent mailbox.
